date,equity,return_percent,fills
2019-01-02,100000.0,0.0,0
2019-01-03,100000.0,0.0,0
2019-01-04,100000.0,0.0,0
2019-01-07,100000.0,0.0,0
2019-01-08,100000.0,0.0,0
2019-01-09,100000.0,0.0,0
2019-01-10,100000.0,0.0,0
2019-01-11,100000.0,0.0,0
2019-01-14,100000.0,0.0,0
2019-01-15,100000.0,0.0,0
2019-01-16,100000.0,0.0,0
2019-01-17,100000.0,0.0,0
2019-01-18,100000.0,0.0,0
2019-01-21,100000.0,0.0,0
2019-01-22,100000.0,0.0,0
2019-01-23,100000.0,0.0,0
2019-01-24,100000.0,0.0,0
2019-01-25,100000.0,0.0,0
2019-01-28,100000.0,0.0,0
2019-01-29,100000.0,0.0,0
2019-01-30,100000.0,0.0,0
2019-01-31,100000.0,0.0,0
2019-02-01,100000.0,0.0,0
2019-02-04,100000.0,0.0,0
2019-02-05,100000.0,0.0,0
2019-02-06,100000.0,0.0,0
2019-02-07,100000.0,0.0,0
2019-02-08,100000.0,0.0,0
2019-02-11,100000.0,0.0,0
2019-02-12,100000.0,0.0,0
2019-02-13,100000.0,0.0,0
2019-02-14,100000.0,0.0,0
2019-02-15,100000.0,0.0,0
2019-02-18,100000.0,0.0,0
2019-02-19,100000.0,0.0,0
2019-02-20,100000.0,0.0,0
2019-02-21,100000.0,0.0,0
2019-02-22,100000.0,0.0,0
2019-02-25,100000.0,0.0,0
2019-02-26,100000.0,0.0,0
2019-02-27,100000.0,0.0,0
2019-02-28,100000.0,0.0,0
2019-03-01,100000.0,0.0,0
2019-03-04,100000.0,0.0,0
2019-03-05,100000.0,0.0,0
2019-03-06,100000.0,0.0,0
2019-03-07,100000.0,0.0,0
2019-03-08,100000.0,0.0,0
2019-03-11,100000.0,0.0,0
2019-03-12,100000.0,0.0,0
2019-03-13,100000.0,0.0,0
2019-03-14,100000.0,0.0,0
2019-03-15,100000.0,0.0,0
2019-03-18,100000.0,0.0,0
2019-03-19,100000.0,0.0,0
2019-03-20,100000.0,0.0,0
2019-03-21,100000.0,0.0,0
2019-03-22,100000.0,0.0,0
2019-03-25,100000.0,0.0,0
2019-03-26,100000.0,0.0,0
2019-03-27,100000.0,0.0,0
2019-03-28,100000.0,0.0,0
2019-03-29,100000.0,0.0,0
2019-04-01,100000.0,0.0,0
2019-04-02,100000.0,0.0,0
2019-04-03,100000.0,0.0,0
2019-04-04,100000.0,0.0,0
2019-04-05,100000.0,0.0,0
2019-04-08,100000.0,0.0,0
2019-04-09,100000.0,0.0,0
2019-04-10,100000.0,0.0,0
2019-04-11,100000.0,0.0,0
2019-04-12,100000.0,0.0,0
2019-04-15,100000.0,0.0,0
2019-04-16,100000.0,0.0,0
2019-04-17,100000.0,0.0,0
2019-04-18,100000.0,0.0,0
2019-04-19,100000.0,0.0,0
2019-04-22,100000.0,0.0,0
2019-04-23,100000.0,0.0,0
2019-04-24,100000.0,0.0,0
2019-04-25,100000.0,0.0,0
2019-04-26,100000.0,0.0,0
2019-04-29,100000.0,0.0,0
2019-04-30,100000.0,0.0,0
2019-05-01,100000.0,0.0,0
2019-05-02,100000.0,0.0,0
2019-05-03,100000.0,0.0,0
2019-05-06,100000.0,0.0,0
2019-05-07,100000.0,0.0,0
2019-05-08,100000.0,0.0,0
2019-05-09,100000.0,0.0,0
2019-05-10,100000.0,0.0,0
2019-05-13,100000.0,0.0,0
2019-05-14,100000.0,0.0,0
2019-05-15,100000.0,0.0,0
2019-05-16,100000.0,0.0,0
2019-05-17,100000.0,0.0,0
2019-05-20,100000.0,0.0,0
2019-05-21,100000.0,0.0,0
2019-05-22,100000.0,0.0,0
2019-05-23,100000.0,0.0,0
2019-05-24,100000.0,0.0,0
2019-05-27,100000.0,0.0,0
2019-05-28,100000.0,0.0,0
2019-05-29,100000.0,0.0,0
2019-05-30,100000.0,0.0,0
2019-05-31,100000.0,0.0,0
2019-06-03,100000.0,0.0,0
2019-06-04,100000.0,0.0,0
2019-06-05,100000.0,0.0,0
2019-06-06,100000.0,0.0,0
2019-06-07,100000.0,0.0,0
2019-06-10,100000.0,0.0,0
2019-06-11,100000.0,0.0,0
2019-06-12,100000.0,0.0,0
2019-06-13,100000.0,0.0,0
2019-06-14,100000.0,0.0,0
2019-06-17,100000.0,0.0,0
2019-06-18,100000.0,0.0,0
2019-06-19,100000.0,0.0,0
2019-06-20,100000.0,0.0,0
2019-06-21,100000.0,0.0,0
2019-06-24,100000.0,0.0,0
2019-06-25,100000.0,0.0,0
2019-06-26,100000.0,0.0,0
2019-06-27,100000.0,0.0,0
2019-06-28,100000.0,0.0,0
2019-07-01,100000.0,0.0,0
2019-07-02,100000.0,0.0,0
2019-07-03,100000.0,0.0,0
2019-07-05,100000.0,0.0,0
2019-07-08,100000.0,0.0,0
2019-07-09,100000.0,0.0,0
2019-07-10,100000.0,0.0,0
2019-07-11,100000.0,0.0,0
2019-07-12,100000.0,0.0,0
2019-07-15,100000.0,0.0,0
2019-07-16,100000.0,0.0,0
2019-07-17,100000.0,0.0,0
2019-07-18,100000.0,0.0,0
2019-07-19,100000.0,0.0,0
2019-07-22,100000.0,0.0,0
2019-07-23,100000.0,0.0,0
2019-07-24,100000.0,0.0,0
2019-07-25,100000.0,0.0,0
2019-07-26,100000.0,0.0,0
2019-07-29,100000.0,0.0,0
2019-07-30,100000.0,0.0,0
2019-07-31,100000.0,0.0,0
2019-08-01,100000.0,0.0,0
2019-08-02,100000.0,0.0,0
2019-08-05,100000.0,0.0,0
2019-08-06,100000.0,0.0,0
2019-08-07,100000.0,0.0,0
2019-08-08,100000.0,0.0,0
2019-08-09,100000.0,0.0,0
2019-08-12,100000.0,0.0,0
2019-08-13,100000.0,0.0,0
2019-08-14,100000.0,0.0,0
2019-08-15,100000.0,0.0,0
2019-08-16,100000.0,0.0,0
2019-08-19,100000.0,0.0,0
2019-08-20,100000.0,0.0,0
2019-08-21,100000.0,0.0,0
2019-08-22,100000.0,0.0,0
2019-08-23,100000.0,0.0,0
2019-08-26,100000.0,0.0,0
2019-08-27,100000.0,0.0,0
2019-08-28,100000.0,0.0,0
2019-08-29,100000.0,0.0,0
2019-08-30,100000.0,0.0,0
2019-09-02,100000.0,0.0,0
2019-09-03,100000.0,0.0,0
2019-09-04,100000.0,0.0,0
2019-09-05,100000.0,0.0,0
2019-09-06,100000.0,0.0,0
2019-09-09,100000.0,0.0,0
2019-09-10,100000.0,0.0,0
2019-09-11,100000.0,0.0,0
2019-09-12,100000.0,0.0,0
2019-09-13,100000.0,0.0,0
2019-09-16,100000.0,0.0,0
2019-09-17,100000.0,0.0,0
2019-09-18,100000.0,0.0,0
2019-09-19,100000.0,0.0,0
2019-09-20,99896.32,-0.10367999999999489,1
2019-09-23,98798.932,-1.0985269527446162,0
2019-09-24,96320.5912,-2.5084692211045367,0
2019-09-25,96467.8816,0.15291683550213708,0
2019-09-26,95944.492,-0.5425532221907892,0
2019-09-27,95178.42639999998,-0.7984466685174718,0
2019-09-30,92421.5752,-2.8965084886084846,0
2019-10-01,92219.59360000001,-0.21854377569622274,0
2019-10-02,91385.42319999999,-0.904547902930708,0
2019-10-03,90296.4592,-1.1916167391562649,0
2019-10-04,89138.48319999999,-1.2824157339715647,0
2019-10-07,90150.5296,1.1353641700737382,0
2019-10-08,90396.5752,0.2729275147819177,0
2019-10-09,90829.5688,0.47899336788146396,0
2019-10-10,89112.43359999999,-1.8905024241401058,0
2019-10-11,88435.2736,-0.7598939593991605,0
2019-10-14,88855.696,0.475401254370067,0
2019-10-15,88565.78080000001,-0.3262764381475214,0
2019-10-16,88893.27999999998,0.3697807404188458,0
2019-10-17,88893.27999999998,0.0,0
2019-10-18,88893.27999999998,0.0,0
2019-10-21,88893.27999999998,0.0,0
2019-10-22,88893.27999999998,0.0,0
2019-10-23,88893.27999999998,0.0,0
2019-10-24,88893.27999999998,0.0,0
2019-10-25,88893.27999999998,0.0,0
2019-10-28,88893.27999999998,0.0,0
2019-10-29,88893.27999999998,0.0,0
2019-10-30,88893.27999999998,0.0,0
2019-10-31,88893.27999999998,0.0,0
2019-11-01,88893.27999999998,0.0,0
2019-11-04,88893.27999999998,0.0,0
2019-11-05,88893.27999999998,0.0,0
2019-11-06,88893.27999999998,0.0,0
2019-11-07,88893.27999999998,0.0,0
2019-11-08,88893.27999999998,0.0,0
2019-11-11,88893.27999999998,0.0,0
2019-11-12,90239.38419999999,1.5142924189545104,1
2019-11-13,90085.92519999998,-0.1700576764352535,0
2019-11-14,90478.73399999998,0.43603792615540815,0
2019-11-15,90412.03279999999,-0.07372030647554428,0
2019-11-18,89695.37059999998,-0.792662412076639,0
2019-11-19,90038.18239999998,0.382195644777239,0
2019-11-20,89049.97579999999,-1.0975417024855383,0
2019-11-21,88944.49079999997,-0.11845595582971047,0
2019-11-22,91908.41699999999,3.332332529357762,0
2019-11-25,91947.77879999999,0.04282719829675763,0
2019-11-26,90962.11539999998,-1.0719817410097199,0
2019-11-27,91226.55039999998,0.2907089383719308,0
2019-11-28,90718.95079999999,-0.5564165232318063,0
2019-11-29,90340.3608,-0.4173218458342176,0
2019-12-02,91546.53119999998,1.3351401182360334,0
2019-12-03,90998.87619999998,-0.5982258342520308,0
2019-12-04,91838.13219999998,0.9222707301961064,0
2019-12-05,92715.01599999997,0.9548144969786287,0
2019-12-06,93086.32319999998,0.400482269236746,0
2019-12-09,95591.08619999998,2.6907959342409526,0
2019-12-10,95856.33039999998,0.27747796425814375,0
2019-12-11,95030.36839999998,-0.8616666176905929,0
2019-12-12,93572.59459999998,-1.5340083644251101,0
2019-12-13,93906.50519999997,0.3568465761020878,0
2019-12-16,94370.69699999997,0.49431271988173986,0
2019-12-17,94038.17359999998,-0.3523587411884743,0
2019-12-18,93759.28859999999,-0.29656573423709753,0
2019-12-19,94208.45239999998,0.4790605887766919,0
2019-12-20,95279.48639999998,1.136876758629346,0
2019-12-23,96855.92359999998,1.6545399850098175,0
2019-12-24,97745.17659999998,0.9181193745799954,0
2019-12-26,98287.16719999998,0.554493448017368,0
2019-12-27,98406.87099999998,0.12178985661110975,0
2019-12-30,97776.61979999999,-0.6404544658268785,0
2019-12-31,99705.98379999999,1.973236550768953,0
2020-01-02,98964.12079999998,-0.7440506293866056,0
2020-01-03,98058.22139999998,-0.9153816480932053,0
2020-01-06,97444.84779999997,-0.6255198098055748,0
2020-01-07,96460.16699999999,-1.0105006290542784,0
2020-01-08,97472.24499999998,1.0492185857401637,0
2020-01-09,96524.90299999998,-0.9719094907478576,0
2020-01-10,96535.65379999999,0.011137851130516019,0
2020-01-13,96569.11999999998,0.034667191532489205,0
2020-01-14,94883.90319999997,-1.745088699161812,0
2020-01-15,92493.98879999999,-2.518777494811131,0
2020-01-16,91033.61399999999,-1.578886172979066,0
2020-01-17,89507.28939999998,-1.6766604476452063,0
2020-01-20,91544.16139999998,2.275649294771287,0
2020-01-21,90291.75099999999,-1.3680942409069807,0
2020-01-22,89338.22439999999,-1.0560506241594547,0
2020-01-23,87553.12919999998,-1.9981314963318342,0
2020-01-24,86003.80019999998,-1.7695872370944277,0
2020-01-27,86441.63519999998,0.5090879693476547,0
2020-01-28,86201.88079999998,-0.2773598618828421,0
2020-01-29,86826.35199999998,0.7244287412346173,0
2020-01-30,86125.29579999998,-0.8074233039296663,0
2020-01-31,85097.95859999998,-1.1928402572754848,0
2020-02-03,83844.73899999999,-1.4726788052469186,0
2020-02-04,83135.93759999998,-0.8453737329899846,0
2020-02-05,81868.84599999999,-1.524120177842303,0
2020-02-06,81933.2352,0.07864920924867125,0
2020-02-07,81315.7,-0.7537053779123837,0
2020-02-10,81315.7,0.0,0
2020-02-11,81315.7,0.0,0
2020-02-12,81315.7,0.0,0
2020-02-13,81315.7,0.0,0
2020-02-14,81315.7,0.0,0
2020-02-17,81315.7,0.0,0
2020-02-18,81315.7,0.0,0
2020-02-19,81315.7,0.0,0
2020-02-20,81315.7,0.0,0
2020-02-21,81315.7,0.0,0
2020-02-24,81315.7,0.0,0
2020-02-25,81315.7,0.0,0
2020-02-26,81315.7,0.0,0
2020-02-27,81315.7,0.0,0
2020-02-28,81315.7,0.0,0
2020-03-02,81315.7,0.0,0
2020-03-03,81315.7,0.0,0
2020-03-04,81315.7,0.0,0
2020-03-05,81315.7,0.0,0
2020-03-06,81315.7,0.0,0
2020-03-09,81315.7,0.0,0
2020-03-10,81315.7,0.0,0
2020-03-11,81315.7,0.0,0
2020-03-12,81315.7,0.0,0
2020-03-13,81315.7,0.0,0
2020-03-16,81315.7,0.0,0
2020-03-17,81315.7,0.0,0
2020-03-18,81315.7,0.0,0
2020-03-19,81315.7,0.0,0
2020-03-20,81315.7,0.0,0
2020-03-23,81315.7,0.0,0
2020-03-24,81315.7,0.0,0
2020-03-25,81315.7,0.0,0
2020-03-26,81315.7,0.0,0
2020-03-27,81315.7,0.0,0
2020-03-30,81315.7,0.0,0
2020-03-31,81315.7,0.0,0
2020-04-01,81315.7,0.0,0
2020-04-02,81315.7,0.0,0
2020-04-03,81315.7,0.0,0
2020-04-06,81315.7,0.0,0
2020-04-07,81315.7,0.0,0
2020-04-08,81315.7,0.0,0
2020-04-09,81315.7,0.0,0
2020-04-10,81315.7,0.0,0
2020-04-13,81315.7,0.0,0
2020-04-14,81315.7,0.0,0
2020-04-15,81315.7,0.0,0
2020-04-16,81315.7,0.0,0
2020-04-17,81315.7,0.0,0
2020-04-20,81315.7,0.0,0
2020-04-21,81315.7,0.0,0
2020-04-22,81315.7,0.0,0
2020-04-23,81315.7,0.0,0
2020-04-24,81315.7,0.0,0
2020-04-27,81315.7,0.0,0
2020-04-28,81315.7,0.0,0
2020-04-29,81315.7,0.0,0
2020-04-30,81315.7,0.0,0
2020-05-01,81315.7,0.0,0
2020-05-04,81315.7,0.0,0
2020-05-05,81315.7,0.0,0
2020-05-06,81315.7,0.0,0
2020-05-07,81315.7,0.0,0
2020-05-08,81315.7,0.0,0
2020-05-11,81315.7,0.0,0
2020-05-12,81315.7,0.0,0
2020-05-13,81315.7,0.0,0
2020-05-14,81315.7,0.0,0
2020-05-15,81315.7,0.0,0
2020-05-18,81315.7,0.0,0
2020-05-19,81315.7,0.0,0
2020-05-20,81315.7,0.0,0
2020-05-21,81315.7,0.0,0
2020-05-22,81315.7,0.0,0
2020-05-25,81921.67569999999,0.7452136549276345,1
2020-05-26,82493.47769999999,0.6979862107483692,0
2020-05-27,84755.35269999999,2.7418834349858034,0
2020-05-28,81953.67799999999,-3.3056020779204442,0
2020-05-29,82986.644,1.2604266522364238,0
2020-06-01,82274.57989999998,-0.8580466273585108,0
2020-06-02,80998.93409999998,-1.550473793424978,0
2020-06-03,79876.889,-1.3852590931810682,0
2020-06-04,79086.0858,-0.9900275410075099,0
2020-06-05,79783.00179999998,0.8812119008676289,0
2020-06-08,81567.27219999999,2.2364041960627468,0
2020-06-09,82099.26519999998,0.6522137931688654,0
2020-06-10,81885.8476,-0.25995068223824136,0
2020-06-11,83253.72619999999,1.6704700996463817,0
2020-06-12,84330.22359999998,1.293032094940627,0
2020-06-15,85949.571,1.9202455903366333,0
2020-06-16,85901.49,-0.05594094239282921,0
2020-06-17,86098.10509999999,0.22888438838486458,0
2020-06-18,87243.0533,1.3298181169843382,0
2020-06-19,86730.13759999999,-0.5879158060141054,0
2020-06-22,85112.80649999999,-1.8647855806007585,0
2020-06-23,84468.6762,-0.756795982282632,0
2020-06-24,85051.07669999999,0.6894869509035617,0
2020-06-25,86243.6406,1.4021737834154946,0
2020-06-26,86965.52769999999,0.8370322669333019,0
2020-06-29,86577.57089999999,-0.44610411764338664,0
2020-06-30,86475.35999999999,-0.11805701977717353,0
2020-07-01,87615.50009999999,1.3184566100678863,0
2020-07-02,87507.6022,-0.12314932845997051,0
2020-07-03,88087.88299999999,0.6631204437229865,0
2020-07-06,87479.42569999999,-0.6907389294393607,0
2020-07-07,87040.2859,-0.5019920929819177,0
2020-07-08,88594.33619999999,1.785437954311675,0
2020-07-09,87068.30729999999,-1.7224903593780816,0
2020-07-10,87480.6148,0.47354486699664466,0
2020-07-13,86903.69449999998,-0.6594835911007069,0
2020-07-14,88734.70169999999,2.1069382729177466,0
2020-07-15,87857.61119999998,-0.9884413687052507,0
2020-07-16,88760.8619,1.0280847471983323,0
2020-07-17,88335.9913,-0.4786688534848538,0
2020-07-20,90426.68759999999,2.366754783901981,0
2020-07-21,90413.866,-0.014178999961511618,0
2020-07-22,89838.1865,-0.6367159435478609,0
2020-07-23,90725.8755,0.9880976393039642,0
2020-07-24,90822.50279999999,0.10650467627617566,0
2020-07-27,91162.1718,0.37399211597151094,0
2020-07-28,91734.0772,0.627349468214411,0
2020-07-29,93483.7603,1.907342563860226,0
2020-07-30,91943.56559999999,-1.6475532167911866,0
2020-07-31,91943.4622,-0.0001124602894364557,0
2020-08-03,92761.7181,0.8899555013711424,0
2020-08-04,93672.15509999999,0.9814792337271117,0
2020-08-05,94588.33079999998,0.9780662129764472,0
2020-08-06,93944.5107,-0.6806548910999299,0
2020-08-07,95307.271,1.4506013069266022,0
2020-08-10,95654.4365,0.36425919697145037,0
2020-08-11,94773.9338,-0.9205037761107926,0
2020-08-12,96417.0115,1.7336810176808326,0
2020-08-13,95475.1926,-0.9768181831688483,0
2020-08-14,95515.3118,0.04202054890642959,0
2020-08-17,95908.8522,0.4120181283855606,0
2020-08-18,96796.59289999999,0.9256087208183716,0
2020-08-19,98242.9521,1.494225319990572,0
2020-08-20,96566.94149999999,-1.705985583875802,0
2020-08-21,96239.5254,-0.3390560940567666,0
2020-08-24,95858.5998,-0.39580993195545977,0
2020-08-25,96198.47559999999,0.35455952904497323,0
2020-08-26,95630.86129999999,-0.5900450048295758,0
2020-08-27,96181.6214,0.5759229735181837,0
2020-08-28,97357.3311,1.2223849867434078,0
2020-08-31,97457.8359,0.10323290384446349,0
2020-09-01,96943.73109999999,-0.5275150994811018,0
2020-09-02,96933.3394,-0.010719310967388651,0
2020-09-03,97947.59,1.046338242629452,0
2020-09-04,97324.1397,-0.636514180696024,0
2020-09-07,97038.9625,-0.2930179510233111,0
2020-09-08,97390.52249999999,0.36228746777873244,0
2020-09-09,98177.24139999998,0.8077982126032834,0
2020-09-10,98238.50589999999,0.06240193666717797,0
2020-09-11,98676.8702,0.4462245185673286,0
2020-09-14,99219.82359999999,0.5502337061355167,0
2020-09-15,98549.53309999999,-0.6755610680202806,0
2020-09-16,97693.79469999998,-0.8683332869082849,0
2020-09-17,98752.45559999999,1.0836521431591084,0
2020-09-18,97962.99659999998,-0.799432272547973,0
2020-09-21,99143.411,1.2049594652763007,0
2020-09-22,99405.52999999998,0.26438368153380853,0
2020-09-23,98185.72019999998,-1.2271045685285364,0
2020-09-24,99626.08219999999,1.4669770686267292,0
2020-09-25,99856.66419999998,0.23144742311265176,0
2020-09-28,99044.9742,-0.8128551123781524,0
2020-09-29,99793.38339999999,0.7556256196187716,0
2020-09-30,100639.14369999999,0.8475113992377104,0
2020-10-01,102831.12029999998,2.178055694247716,0
2020-10-02,104200.3948,1.3315759820619277,0
2020-10-05,104761.44319999998,0.5384321250191615,0
2020-10-06,104785.84559999999,0.023293302626070655,0
2020-10-07,105110.26309999998,0.30960049818025137,0
2020-10-08,105025.0615,-0.08105925861771057,0
2020-10-09,106222.9505,1.140574433274688,0
2020-10-12,106719.21879999999,0.46719498720757535,0
2020-10-13,108879.038,2.0238334053472418,0
2020-10-14,106402.03929999999,-2.275000537752736,0
2020-10-15,105785.67189999999,-0.5792815664577233,0
2020-10-16,105704.76139999999,-0.07648531086184018,0
2020-10-19,106175.69669999999,0.44551947685489424,0
2020-10-20,105169.09769999998,-0.9480502895536924,0
2020-10-21,105116.57049999999,-0.04994546986590853,0
2020-10-22,104952.73319999999,-0.15586248601974217,0
2020-10-23,104469.5967,-0.4603372254053828,0
2020-10-26,105208.90669999999,0.707679576980702,0
2020-10-27,104680.06739999999,-0.502656397245882,0
2020-10-28,106163.237,1.4168596150521795,0
2020-10-29,106217.72879999998,0.05132831433916074,0
2020-10-30,105892.1739,-0.30649770398779586,0
2020-11-02,106167.42469999999,0.25993497900980156,0
2020-11-03,107412.6709,1.1729079833279643,0
2020-11-04,108817.2565,1.3076535461143735,0
2020-11-05,109656.14069999999,0.770910999764074,0
2020-11-06,109670.92689999999,0.01348415137139014,0
2020-11-09,108562.7891,-1.010420748071561,0
2020-11-10,108478.4147,-0.0777194476113574,0
2020-11-11,109386.4218,0.8370394262408043,0
2020-11-12,110595.995,1.1057800228730041,0
2020-11-13,109571.09419999999,-0.9267069752390222,0
2020-11-16,110785.9408,1.1087290939912897,0
2020-11-17,110221.9972,-0.5090389592106059,0
2020-11-18,111300.666,0.9786329656527037,0
2020-11-19,109431.9178,-1.679009000718834,0
2020-11-20,110680.5762,1.1410367515280795,0
2020-11-23,109553.1543,-1.0186266991985549,0
2020-11-24,109368.84379999999,-0.16823842378402842,0
2020-11-25,109786.1145,0.3815261142954496,0
2020-11-26,108457.7864,-1.2099235919311058,0
2020-11-27,108539.2139,0.07507759719500573,0
2020-11-30,107765.5234,-0.712821175131062,0
2020-12-01,106477.9349,-1.1948055921565892,0
2020-12-02,107965.96429999999,1.397500243968386,0
2020-12-03,108033.3294,0.06239475601108602,0
2020-12-04,108660.24359999999,0.5802970282243081,0
2020-12-07,110037.22139999998,1.2672323882034764,0
2020-12-08,109351.62769999998,-0.6230561725179995,0
2020-12-09,109478.5512,0.11606914562645176,0
2020-12-10,108061.50589999999,-1.2943588351030488,0
2020-12-11,106642.496,-1.3131502177224363,0
2020-12-14,109346.66449999998,2.5357325657493934,0
2020-12-15,108713.8565,-0.5787172410732233,0
2020-12-16,108139.5212,-0.5282999964222546,0
2020-12-17,108010.11609999998,-0.11966494632492664,0
2020-12-18,106806.54009999998,-1.114317846752133,0
2020-12-21,108446.46409999998,1.5354153392335146,0
2020-12-22,107196.8234,-1.1523111522084073,0
2020-12-23,108275.59559999999,1.0063471712912664,0
2020-12-24,110010.64759999998,1.6024405041462408,0
2020-12-28,108969.4613,-0.9464413879152422,0
2020-12-29,108770.57139999999,-0.1825189347797629,0
2020-12-30,107876.9886,-0.8215299308430346,0
2020-12-31,107937.7361,0.05631182403991186,0
2021-01-04,107419.7021,-0.47993780369829375,0
2021-01-05,106830.94249999999,-0.5480927506686939,0
2021-01-06,107082.72149999999,0.2356798452845199,0
2021-01-07,107066.02239999999,-0.015594579373856554,0
2021-01-08,105644.9962,-1.3272429181043321,0
2021-01-11,106225.5355,0.549518974756702,0
2021-01-12,105683.92629999999,-0.5098672343242794,0
2021-01-13,104503.20169999999,-1.1172224966816025,0
2021-01-14,105995.6773,1.4281625593486558,0
2021-01-15,107894.46319999998,1.7913805056651855,0
2021-01-18,109113.39409999999,1.1297436993968013,0
2021-01-19,108259.9305,-0.7821804161071255,0
2021-01-20,109025.81429999998,0.7074490039506998,0
2021-01-21,108926.8605,-0.09076180777489729,0
2021-01-22,109567.21669999999,0.5878772206052929,0
2021-01-25,112275.8314,2.4721032272055465,0
2021-01-26,112074.87349999999,-0.17898589348589455,0
2021-01-27,108577.9889,-3.120132542465004,0
2021-01-28,109022.29869999998,0.4092079845107399,0
2021-01-29,108940.35419999999,-0.07516306386594618,0
2021-02-01,109002.1874,0.05675876533914881,0
2021-02-02,108061.4542,-0.8630406622463838,0
2021-02-03,106482.01919999998,-1.461608130015346,0
2021-02-04,105399.5246,-1.0165984906491898,0
2021-02-05,106723.66499999998,1.2563058562409912,0
2021-02-08,106123.99669999999,-0.5618887807123052,0
2021-02-09,105269.13719999998,-0.8055289346259653,0
2021-02-10,103225.90149999998,-1.9409636616647408,0
2021-02-11,102528.6753,-0.6754372593200109,0
2021-02-12,102195.3654,-0.3250894435383511,0
2021-02-15,101665.69889999999,-0.5182881806105932,0
2021-02-16,101099.27369999999,-0.5571448444545157,0
2021-02-17,101344.28,0.24234229488833137,0
2021-02-18,101344.28,0.0,0
2021-02-19,101344.28,0.0,0
2021-02-22,101344.28,0.0,0
2021-02-23,101344.28,0.0,0
2021-02-24,101344.28,0.0,0
2021-02-25,101344.28,0.0,0
2021-02-26,101344.28,0.0,0
2021-03-01,101344.28,0.0,0
2021-03-02,101344.28,0.0,0
2021-03-03,101344.28,0.0,0
2021-03-04,101344.28,0.0,0
2021-03-05,101344.28,0.0,0
2021-03-08,101344.28,0.0,0
2021-03-09,101344.28,0.0,0
2021-03-10,101344.28,0.0,0
2021-03-11,101344.28,0.0,0
2021-03-12,101344.28,0.0,0
2021-03-15,101344.28,0.0,0
2021-03-16,101344.28,0.0,0
2021-03-17,101344.28,0.0,0
2021-03-18,101344.28,0.0,0
2021-03-19,101344.28,0.0,0
2021-03-22,100185.38449999999,-1.1435233443860993,1
2021-03-23,98543.43139999999,-1.6389148059815062,0
2021-03-24,98574.98839999999,0.032023443421524966,0
2021-03-25,97305.07819999999,-1.2882681708740629,0
2021-03-26,96740.1608,-0.5805631221413421,0
2021-03-29,96064.7468,-0.6981733278243696,0
2021-03-30,94453.87969999999,-1.676855614217887,0
2021-03-31,95317.5524,0.9143856268722494,0
2021-04-01,95396.58619999999,0.08291631290355816,0
2021-04-02,95604.25009999999,0.21768483367385905,0
2021-04-05,95819.44999999998,0.2250944908567254,0
2021-04-06,95819.44999999998,0.0,0
2021-04-07,95819.44999999998,0.0,0
2021-04-08,95819.44999999998,0.0,0
2021-04-09,95819.44999999998,0.0,0
2021-04-12,95819.44999999998,0.0,0
2021-04-13,95819.44999999998,0.0,0
2021-04-14,95819.44999999998,0.0,0
2021-04-15,95819.44999999998,0.0,0
2021-04-16,95819.44999999998,0.0,0
2021-04-19,95819.44999999998,0.0,0
2021-04-20,95819.44999999998,0.0,0
2021-04-21,95819.44999999998,0.0,0
2021-04-22,95819.44999999998,0.0,0
2021-04-23,95819.44999999998,0.0,0
2021-04-26,95819.44999999998,0.0,0
2021-04-27,95819.44999999998,0.0,0
2021-04-28,95819.44999999998,0.0,0
2021-04-29,95819.44999999998,0.0,0
2021-04-30,95819.44999999998,0.0,0
2021-05-03,95819.44999999998,0.0,0
2021-05-04,95819.44999999998,0.0,0
2021-05-05,95819.44999999998,0.0,0
2021-05-06,95819.44999999998,0.0,0
2021-05-07,95819.44999999998,0.0,0
2021-05-10,95819.44999999998,0.0,0
2021-05-11,95819.44999999998,0.0,0
2021-05-12,95819.44999999998,0.0,0
2021-05-13,95819.44999999998,0.0,0
2021-05-14,95819.44999999998,0.0,0
2021-05-17,95819.44999999998,0.0,0
2021-05-18,95819.44999999998,0.0,0
2021-05-19,95819.44999999998,0.0,0
2021-05-20,95819.44999999998,0.0,0
2021-05-21,95819.44999999998,0.0,0
2021-05-24,95819.44999999998,0.0,0
2021-05-25,95819.44999999998,0.0,0
2021-05-26,95819.44999999998,0.0,0
2021-05-27,95819.44999999998,0.0,0
2021-05-28,95579.28139999998,-0.25064702416889295,1
2021-05-31,96818.93239999998,1.2969871522804821,0
2021-06-01,97120.62049999998,0.31160031671657595,0
2021-06-02,96390.67729999998,-0.7515841602350526,0
2021-06-03,95544.79519999998,-0.8775559252139464,0
2021-06-04,94976.91949999997,-0.5943554526557815,0
2021-06-07,93960.50269999998,-1.0701724222588527,0
2021-06-08,95045.53909999998,1.1547792623719078,0
2021-06-09,94694.67949999998,-0.3691489398895853,0
2021-06-10,94103.78359999998,-0.6240011615436192,0
2021-06-11,95352.25459999997,1.3266958588049604,0
2021-06-14,94991.03149999998,-0.3788301614002787,0
2021-06-15,94325.65069999998,-0.7004669698738919,0
2021-06-16,94439.16409999998,0.12034202696467045,0
2021-06-17,93849.37069999997,-0.6245220461454815,0
2021-06-18,92880.22909999997,-1.0326564715047226,0
2021-06-21,93277.52599999998,0.4277518518739587,0
2021-06-22,94339.14529999997,1.1381297784420097,0
2021-06-23,94966.37959999997,0.6648717221312328,0
2021-06-24,95836.11979999997,0.9158401148525952,0
2021-06-25,98012.93989999998,2.2713984085987793,0
2021-06-28,96703.87549999998,-1.3356036471670052,0
2021-06-29,95918.71909999999,-0.8119182358932386,0
2021-06-30,97343.59009999997,1.4854983608720618,0
2021-07-01,98729.47669999997,1.4237060689628267,0
2021-07-02,98933.61559999998,0.20676590905095438,0
2021-07-05,99444.46999999999,0.5163607909221213,0
2021-07-06,98343.42529999997,-1.107195503178826,0
2021-07-07,98477.75389999998,0.1365913375400929,0
2021-07-08,99263.35129999998,0.7977409809709402,0
2021-07-09,98898.90889999998,-0.3671469834809038,0
2021-07-12,101230.43179999998,2.3574809125118668,0
2021-07-13,101242.73569999998,0.012154349024529054,0
2021-07-14,102562.69279999998,1.3037548727557802,0
2021-07-15,103753.70149999998,1.1612494441058718,0
2021-07-16,102864.77779999998,-0.8567633608715153,0
2021-07-19,103510.09309999998,0.6273433081775526,0
2021-07-20,103807.19479999998,0.2870267923660075,0
2021-07-21,104280.96109999997,0.4563906200459211,0
2021-07-22,105127.94569999998,0.8122140331903838,0
2021-07-23,106720.30849999997,1.5146903037029258,0
2021-07-26,105662.96689999998,-0.9907595047853435,0
2021-07-27,107009.25169999998,1.2741311733884153,0
2021-07-28,106505.67379999998,-0.47059286183196436,0
2021-07-29,107200.16059999997,0.6520655428218225,0
2021-07-30,107483.67949999998,0.26447618960003805,0
2021-08-02,105610.35559999998,-1.7428914870745604,0
2021-08-03,105185.93719999997,-0.4018719543067317,0
2021-08-04,104438.17759999998,-0.7108931287822307,0
2021-08-05,104252.11969999997,-0.17815123193035687,0
2021-08-06,103606.76029999998,-0.6190371973798681,0
2021-08-09,104481.52789999999,0.844315175445165,0
2021-08-10,105891.22849999997,1.3492342889062758,0
2021-08-11,105374.06779999998,-0.48838861096034414,0
2021-08-12,106546.46629999999,1.1126062839533102,0
2021-08-13,106715.85439999998,0.15898049544229576,0
2021-08-16,106439.61199999998,-0.25885788157078427,0
2021-08-17,106630.16809999998,0.17902742824729145,0
2021-08-18,105141.48439999997,-1.3961186843519657,0
2021-08-19,106067.71669999998,0.8809389607590479,0
2021-08-20,107563.10359999997,1.4098416997412322,0
2021-08-23,107298.41539999997,-0.2460771316011079,0
2021-08-24,106506.37939999998,-0.7381618796953759,0
2021-08-25,106213.59949999997,-0.2748942379314445,0
2021-08-26,106393.17469999997,0.16906987508695792,0
2021-08-27,105322.02979999997,-1.0067797140374313,0
2021-08-30,103939.67119999998,-1.3125066072359304,0
2021-08-31,105574.94329999998,1.573289660358279,0
2021-09-01,106162.22299999997,0.5562680704749967,0
2021-09-02,103288.04959999998,-2.707341009616937,0
2021-09-03,103806.22459999997,0.5016795282771991,0
2021-09-06,102238.82239999998,-1.5099308408910161,0
2021-09-07,103212.32989999997,0.9521896645006578,0
2021-09-08,100698.14479999998,-2.4359348368900524,0
2021-09-09,100330.04209999998,-0.36555062730411203,0
2021-09-10,99684.59449999998,-0.643324358776487,0
2021-09-13,97773.16819999997,-1.9174741188318745,0
2021-09-14,99698.39779999998,1.9690776472148785,0
2021-09-15,99584.66389999997,-0.11407796164203399,0
2021-09-16,99582.41479999997,-0.002258480283934272,0
2021-09-17,100924.90699999998,1.3481217569349502,0
2021-09-20,102126.85249999998,1.1909305004363269,0
2021-09-21,103850.01589999997,1.6872774963861747,0
2021-09-22,104086.12729999998,0.2273580778527462,0
2021-09-23,102541.65709999998,-1.4838386632912925,0
2021-09-24,103367.65009999998,0.8055194575161684,0
2021-09-27,103146.84139999998,-0.21361489768452202,0
2021-09-28,102947.15659999999,-0.19359274340318144,0
2021-09-29,101386.76629999997,-1.5157196677737184,0
2021-09-30,101124.85639999998,-0.2583275012687736,0
2021-10-01,102586.94779999998,1.4458279121966733,0
2021-10-04,102097.74649999998,-0.4768650500780347,0
2021-10-05,101419.88539999998,-0.6639334590994084,0
2021-10-06,100571.57779999997,-0.8364312350130243,0
2021-10-07,100440.51259999999,-0.13032031799343757,0
2021-10-08,99852.83599999998,-0.5850991644580694,0
2021-10-11,101320.43989999998,1.469766867713207,0
2021-10-12,103051.18849999997,1.7081929388662154,0
2021-10-13,105154.53799999997,2.0410725296972076,0
2021-10-14,105203.53309999999,0.04659342424195856,0
2021-10-15,104331.27919999998,-0.8291108428562954,0
2021-10-18,103044.08839999998,-1.2337534916374349,0
2021-10-19,101756.54479999997,-1.249507487515411,0
2021-10-20,101263.06579999998,-0.4849604523914586,0
2021-10-21,100992.46819999997,-0.2672224051901151,0
2021-10-22,101400.87829999998,0.4043965924183768,0
2021-10-25,101509.98169999997,0.10759610945105802,0
2021-10-26,101537.98519999998,0.027586942220891864,0
2021-10-27,103123.20379999997,1.5612074603189807,0
2021-10-28,103353.80269999999,0.22361494940288384,0
2021-10-29,103100.44819999998,-0.24513321559672674,0
2021-11-01,103150.01659999997,0.0480777735357929,0
2021-11-02,102439.52149999997,-0.6887978532811978,0
2021-11-03,103135.77229999998,0.6796701017390161,0
2021-11-04,104046.17269999998,0.8827203013051843,0
2021-11-05,104825.41969999997,0.7489434544092344,0
2021-11-08,104683.46179999998,-0.13542316396754073,0
2021-11-09,102308.76499999997,-2.268454595566316,0
2021-11-10,101646.60349999997,-0.6472187402516316,0
2021-11-11,101609.77999999998,-0.036226985193832384,0
2021-11-12,101609.77999999998,0.0,0
2021-11-15,101609.77999999998,0.0,0
2021-11-16,101609.77999999998,0.0,0
2021-11-17,101609.77999999998,0.0,0
2021-11-18,101609.77999999998,0.0,0
2021-11-19,101609.77999999998,0.0,0
2021-11-22,101609.77999999998,0.0,0
2021-11-23,101609.77999999998,0.0,0
2021-11-24,101609.77999999998,0.0,0
2021-11-25,101609.77999999998,0.0,0
2021-11-26,101609.77999999998,0.0,0
2021-11-29,101609.77999999998,0.0,0
2021-11-30,101609.77999999998,0.0,0
2021-12-01,101609.77999999998,0.0,0
2021-12-02,101609.77999999998,0.0,0
2021-12-03,101609.77999999998,0.0,0
2021-12-06,101609.77999999998,0.0,0
2021-12-07,101609.77999999998,0.0,0
2021-12-08,101609.77999999998,0.0,0
2021-12-09,101609.77999999998,0.0,0
2021-12-10,101609.77999999998,0.0,0
2021-12-13,101609.77999999998,0.0,0
2021-12-14,101609.77999999998,0.0,0
2021-12-15,101609.77999999998,0.0,0
2021-12-16,101609.77999999998,0.0,0
2021-12-17,101609.77999999998,0.0,0
2021-12-20,101609.77999999998,0.0,0
2021-12-21,101609.77999999998,0.0,0
2021-12-22,101609.77999999998,0.0,0
2021-12-23,101609.77999999998,0.0,0
2021-12-24,101609.77999999998,0.0,0
2021-12-27,101609.77999999998,0.0,0
2021-12-28,101609.77999999998,0.0,0
2021-12-29,101609.77999999998,0.0,0
2021-12-30,101609.77999999998,0.0,0
2021-12-31,101609.77999999998,0.0,0
2022-01-03,101609.77999999998,0.0,0
2022-01-04,101609.77999999998,0.0,0
2022-01-05,101609.77999999998,0.0,0
2022-01-06,101609.77999999998,0.0,0
2022-01-07,101609.77999999998,0.0,0
2022-01-10,101609.77999999998,0.0,0
2022-01-11,101609.77999999998,0.0,0
2022-01-12,101609.77999999998,0.0,0
2022-01-13,101609.77999999998,0.0,0
2022-01-14,101609.77999999998,0.0,0
2022-01-17,101609.77999999998,0.0,0
2022-01-18,101609.77999999998,0.0,0
2022-01-19,101609.77999999998,0.0,0
2022-01-20,101609.77999999998,0.0,0
2022-01-21,101609.77999999998,0.0,0
2022-01-24,101609.77999999998,0.0,0
2022-01-25,102927.40239999998,1.2967476162235592,1
2022-01-26,104005.08319999998,1.0470300181208092,0
2022-01-27,104916.42879999998,0.876251017700258,0
2022-01-28,104479.66639999999,-0.4162955268260049,0
2022-01-31,103340.92959999999,-1.0899123621244677,0
2022-02-01,103574.12959999999,0.22566083051762664,0
2022-02-02,103340.88719999998,-0.22519368581785937,0
2022-02-03,106282.98079999998,2.8469792351463408,0
2022-02-04,107771.43279999998,1.4004612862720922,0
2022-02-07,108337.00639999998,0.5247899051779248,0
2022-02-08,108756.51199999997,0.3872228095828101,0
2022-02-09,109085.112,0.3021428270888471,0
2022-02-10,108634.56959999997,-0.41301914783753446,0
2022-02-11,110085.20079999999,1.3353311062411777,0
2022-02-14,108431.77039999998,-1.5019552019566396,0
2022-02-15,108350.19279999999,-0.07523403860238975,0
2022-02-16,110212.86719999998,1.719124213685741,0
2022-02-17,111031.86559999998,0.7431059737460499,0
2022-02-18,112539.10079999997,1.3574798476591488,0
2022-02-21,112153.76959999999,-0.342397617593182,0
2022-02-22,110656.32879999999,-1.3351676054587092,0
2022-02-23,110866.80239999999,0.1902047558259401,0
2022-02-24,110934.89679999997,0.06142000898907707,0
2022-02-25,110294.0208,-0.5777045983604068,0
2022-02-28,111225.33679999998,0.8443939147787294,0
2022-03-01,112066.80719999998,0.7565456075112609,0
2022-03-02,111777.04559999997,-0.25856148420726477,0
2022-03-03,112572.76639999998,0.7118821183085711,0
2022-03-04,112515.48399999997,-0.05088477598256258,0
2022-03-07,112788.79439999998,0.24290914484268455,0
2022-03-08,110457.85439999998,-2.0666414712559478,0
2022-03-09,110537.31199999998,0.07193476682270106,0
2022-03-10,111311.91759999999,0.7007639194265947,0
2022-03-11,113215.63519999998,1.7102549673441159,0
2022-03-14,114445.7864,1.0865559318082862,0
2022-03-15,114121.17199999999,-0.28364032456856814,0
2022-03-16,112946.35279999998,-1.0294489439698462,0
2022-03-17,111691.73679999998,-1.1108070060673936,0
2022-03-18,111040.09119999998,-0.5834322382924917,0
2022-03-21,109615.32399999998,-1.2831106176180773,0
2022-03-22,110277.78159999997,0.6043476184041552,0
2022-03-23,110478.12159999998,0.1816685075572977,0
2022-03-24,109680.28079999998,-0.7221708592120013,0
2022-03-25,108768.29919999998,-0.8314909419889105,0
2022-03-28,107806.96399999998,-0.8838376687607563,0
2022-03-29,109655.13759999999,1.7143360052324752,0
2022-03-30,110373.43599999999,0.655052207968776,0
2022-03-31,111541.08959999998,1.0579117968203766,0
2022-04-01,112476.60319999997,0.8387165692525178,0
2022-04-04,112486.90639999999,0.009160305082911435,0
2022-04-05,113360.51599999997,0.7766322569966011,0
2022-04-06,111509.62879999998,-1.6327441558222966,0
2022-04-07,112515.61119999998,0.9021484609228692,0
2022-04-08,112254.76639999998,-0.2318298742885916,0
2022-04-11,112214.95279999997,-0.03546717994863391,0
2022-04-12,113298.48479999998,0.9655861121567133,0
2022-04-13,113738.93599999999,0.38875294826539175,0
2022-04-14,113788.84079999998,0.043876619348703905,0
2022-04-15,114343.17839999998,0.4871634126006441,0
2022-04-18,114320.07039999997,-0.02020933852229234,0
2022-04-19,113314.80879999997,-0.8793395564598905,0
2022-04-20,111238.5232,-1.8323162011989136,0
2022-04-21,112948.04879999999,1.5368107655711727,0
2022-04-22,111263.11519999999,-1.4917775188693638,0
2022-04-25,111088.80879999997,-0.1566614413830658,0
2022-04-26,111030.21199999998,-0.05274770756205083,0
2022-04-27,111730.19359999997,0.6304424601116576,0
2022-04-28,112219.31999999999,0.4377745927400145,0
2022-04-29,110061.92319999998,-1.9224825101417653,0
2022-05-02,109182.88639999999,-0.7986747591195886,0
2022-05-03,108592.21199999998,-0.5409954064009792,0
2022-05-04,108582.03599999998,-0.009370837754008043,0
2022-05-05,108064.79839999999,-0.47635651260029555,0
2022-05-06,109632.36879999997,1.4505837453169912,0
2022-05-09,107984.91679999998,-1.5027058322578113,0
2022-05-10,107552.73359999999,-0.40022552482994467,0
2022-05-11,105130.63359999999,-2.252011565794365,0
2022-05-12,106412.68239999998,1.219481664000921,0
2022-05-13,105136.31519999998,-1.1994502640222837,0
2022-05-16,104397.79199999999,-0.7024434883371233,0
2022-05-17,105010.09039999999,0.5865051245528274,0
2022-05-18,107129.53919999997,2.018328707200112,0
2022-05-19,107571.30479999998,0.41236581740100586,0
2022-05-20,109197.68399999998,1.5119080344184743,0
2022-05-23,108905.71759999997,-0.26737416885141974,0
2022-05-24,110653.57279999997,1.6049251026651223,0
2022-05-25,110662.17999999998,0.007778510699840702,0
2022-05-26,110662.17999999998,0.0,0
2022-05-27,110662.17999999998,0.0,0
2022-05-30,110662.17999999998,0.0,0
2022-05-31,110662.17999999998,0.0,0
2022-06-01,110662.17999999998,0.0,0
2022-06-02,110662.17999999998,0.0,0
2022-06-03,110662.17999999998,0.0,0
2022-06-06,110662.17999999998,0.0,0
2022-06-07,110662.17999999998,0.0,0
2022-06-08,110662.17999999998,0.0,0
2022-06-09,110662.17999999998,0.0,0
2022-06-10,110662.17999999998,0.0,0
2022-06-13,110662.17999999998,0.0,0
2022-06-14,110662.17999999998,0.0,0
2022-06-15,110662.17999999998,0.0,0
2022-06-16,110662.17999999998,0.0,0
2022-06-17,110662.17999999998,0.0,0
2022-06-20,110662.17999999998,0.0,0
2022-06-21,110662.17999999998,0.0,0
2022-06-22,110662.17999999998,0.0,0
2022-06-23,110662.17999999998,0.0,0
2022-06-24,110662.17999999998,0.0,0
2022-06-27,110662.17999999998,0.0,0
2022-06-28,110662.17999999998,0.0,0
2022-06-29,110662.17999999998,0.0,0
2022-06-30,110662.17999999998,0.0,0
2022-07-01,110662.17999999998,0.0,0
2022-07-05,110662.17999999998,0.0,0
2022-07-06,110662.17999999998,0.0,0
2022-07-07,110662.17999999998,0.0,0
2022-07-08,110662.17999999998,0.0,0
2022-07-11,110662.17999999998,0.0,0
2022-07-12,110662.17999999998,0.0,0
2022-07-13,110662.17999999998,0.0,0
2022-07-14,110662.17999999998,0.0,0
2022-07-15,110662.17999999998,0.0,0
2022-07-18,110662.17999999998,0.0,0
2022-07-19,110662.17999999998,0.0,0
2022-07-20,110662.17999999998,0.0,0
2022-07-21,110662.17999999998,0.0,0
2022-07-22,110662.17999999998,0.0,0
2022-07-25,110662.17999999998,0.0,0
2022-07-26,110662.17999999998,0.0,0
2022-07-27,110662.17999999998,0.0,0
2022-07-28,110662.17999999998,0.0,0
2022-07-29,110662.17999999998,0.0,0
2022-08-01,110662.17999999998,0.0,0
2022-08-02,110662.17999999998,0.0,0
2022-08-03,110662.17999999998,0.0,0
2022-08-04,110662.17999999998,0.0,0
2022-08-05,109639.61199999998,-0.9240446916914169,1
2022-08-08,108691.80489999997,-0.8644750585217409,0
2022-08-09,107899.19139999998,-0.7292302310456855,0
2022-08-10,109823.65779999997,1.7835781482973934,0
2022-08-11,109910.33769999999,0.07892643692297696,0
2022-08-12,108462.13809999998,-1.3176190978075875,0
2022-08-15,107538.78549999998,-0.8513132934450218,0
2022-08-16,108818.84499999997,1.1903235600517315,0
2022-08-17,109343.89749999999,0.4825014454068244,0
2022-08-18,109196.63619999996,-0.13467720043546239,0
2022-08-19,109467.85509999999,0.248376607044265,0
2022-08-22,112626.39009999996,2.885353875906871,0
2022-08-23,114063.16389999999,1.275699060161939,0
2022-08-24,114600.38199999998,0.4709829901535789,0
2022-08-25,115810.28379999998,1.0557572137935844,0
2022-08-26,115797.99489999998,-0.010611233818602628,0
2022-08-29,115181.20719999999,-0.5326410880711951,0
2022-08-30,116360.36619999997,1.023742525942195,0
2022-08-31,115385.30979999999,-0.837962642987955,0
2022-09-01,117600.47649999999,1.9197995861341521,0
2022-09-02,117649.54989999998,0.041728912552496666,0
2022-09-05,116500.59939999998,-0.9765872465951619,0
2022-09-06,118929.60939999999,2.0849763971257484,0
2022-09-07,119138.43849999997,0.17559050353694872,0
2022-09-08,119447.59269999998,0.2594915661917163,0
2022-09-09,119050.60779999998,-0.3323506912333074,0
2022-09-12,119101.11969999997,0.04242893079962062,0
2022-09-13,117683.70399999998,-1.1900943530759989,0
2022-09-14,116885.21319999997,-0.6785058362881013,0
2022-09-15,118469.98809999997,1.3558386528228494,0
2022-09-16,117015.78789999997,-1.2274840432772938,0
2022-09-19,119214.80229999998,1.8792459030223085,0
2022-09-20,119631.84399999998,0.3498237567433282,0
2022-09-21,116944.60269999999,-2.246259198345213,0
2022-09-22,116810.37009999997,-0.11478306557196616,0
2022-09-23,116685.09729999996,-0.10724458786729452,0
2022-09-26,115041.38499999997,-1.4086737192959387,0
2022-09-27,115013.43699999998,-0.024293866072622183,0
2022-09-28,116578.81269999997,1.361037232545259,0
2022-09-29,116351.98179999998,-0.19457300580312253,0
2022-09-30,116041.30689999997,-0.2670129852485381,0
2022-10-03,116171.79939999997,0.11245349047339648,0
2022-10-04,116732.69109999998,0.48281226846522696,0
2022-10-05,118567.92939999996,1.572171670768574,0
2022-10-06,117858.91329999997,-0.5979830326698687,0
2022-10-07,118268.10489999998,0.34718765729533363,0
2022-10-10,119692.75419999997,1.2045929891280283,0
2022-10-11,118049.94609999997,-1.3725209274196737,0
2022-10-12,120031.66479999998,1.6787120752442375,0
2022-10-13,122501.44599999997,2.057608052104576,0
2022-10-14,122314.35879999997,-0.15272244214977748,0
2022-10-17,123226.94319999997,0.7460975219534038,0
2022-10-18,123514.14999999997,0.23307143108617367,0
2022-10-19,124791.53799999997,1.034203773413811,0
2022-10-20,126184.78689999998,1.1164610376065864,0
2022-10-21,124882.20459999997,-1.0322815705448685,0
2022-10-24,124962.96609999998,0.06467014276267946,0
2022-10-25,123211.32519999999,-1.4017280116400688,0
2022-10-26,124462.86129999999,1.015763849604312,0
2022-10-27,124016.14539999998,-0.3589150171658506,0
2022-10-28,124782.90699999996,0.6182756265540101,0
2022-10-31,125232.17109999999,0.3600365713551046,0
2022-11-01,123136.85199999997,-1.6731476277983548,0
2022-11-02,123077.58579999999,-0.04813035174878744,0
2022-11-03,124464.54639999998,1.126899419569205,0
2022-11-04,127122.97659999997,2.135893535060518,0
2022-11-07,126914.27079999998,-0.16417630044699427,0
2022-11-08,126661.50579999997,-0.19916199999158168,0
2022-11-09,129003.21939999999,1.8487965899423475,0
2022-11-10,130807.13949999998,1.3983527763028691,0
2022-11-11,131695.10499999998,0.6788356533092843,0
2022-11-14,132186.74319999997,0.3733154698498442,0
2022-11-15,132323.2363,0.1032577826609371,0
2022-11-16,133698.8533,1.039588388604118,0
2022-11-17,133317.23979999998,-0.2854276537015088,0
2022-11-18,136192.63689999998,2.156808154979517,0
2022-11-21,138196.9195,1.4716526866805912,0
2022-11-22,136759.1593,-1.040370657466061,0
2022-11-23,136756.2823,-0.0021036982200905996,0
2022-11-24,136719.6211,-0.026807689843144633,0
2022-11-25,138262.76169999997,1.128689933152538,0
2022-11-28,136036.16919999997,-1.6104064989177824,0
2022-11-29,136332.50019999998,0.21783250862079662,0
2022-11-30,133858.0747,-1.8149931207672387,0
2022-12-01,132017.90439999997,-1.374717441681561,0
2022-12-02,134365.53639999998,1.7782678877305447,0
2022-12-05,134711.92719999998,0.25779735584041674,0
2022-12-06,132837.35619999998,-1.3915404812054333,0
2022-12-07,132343.37529999999,-0.3718689637696948,0
2022-12-08,131868.62919999997,-0.3587229802200942,0
2022-12-09,132043.4686,0.1325860449605809,0
2022-12-12,130470.28389999998,-1.1914142491709856,0
2022-12-13,131972.69439999998,1.1515346292582107,0
2022-12-14,130356.31359999998,-1.2247842687070243,0
2022-12-15,130386.43989999998,0.02311073331855429,0
2022-12-16,131901.96129999997,1.1623305315815902,0
2022-12-19,132091.5145,0.14370764326157026,0
2022-12-20,132956.91609999997,0.6551530605699796,0
2022-12-21,131588.656,-1.0291003583227543,0
2022-12-22,132752.81349999996,0.8846944222912212,0
2022-12-23,132879.81249999997,0.09566576907238389,0
2022-12-26,128988.54669999998,-2.9284100622884224,0
2022-12-27,129852.79749999997,0.6700213484923223,0
2022-12-28,129296.71449999997,-0.42824106273104956,0
2022-12-29,130355.45049999998,0.8188421524044198,0
2022-12-30,128296.29939999997,-1.5796432693084839,0
2023-01-02,128162.06679999997,-0.10462702402779245,0
2023-01-03,129147.52149999997,0.76891292767447,0
2023-01-04,129235.26999999997,0.06794439334245617,0
2023-01-05,131177.45049999998,1.5028254283834475,0
2023-01-06,132019.71279999998,0.6420785712708987,0
2023-01-09,133823.30409999998,1.366153024989769,0
2023-01-10,134670.0874,0.6327622126018007,0
2023-01-11,137851.92609999998,2.3626914940280797,0
2023-01-12,138677.00859999997,0.5985280897718104,0
2023-01-13,137839.67829999997,-0.6037989342668859,0
2023-01-16,137865.6946,0.018874318571304727,0
2023-01-17,140668.71459999998,2.033152633171431,0
2023-01-18,140833.03239999997,0.11681190125838459,0
2023-01-19,140775.98559999999,-0.04050669010516872,0
2023-01-20,139278.1372,-1.0639942555656923,0
2023-01-23,139375.3798,0.06981899812485981,0
2023-01-24,139619.88369999998,0.17542832912873507,0
2023-01-25,138329.09709999998,-0.9245005552171115,0
2023-01-26,136015.1671,-1.6727717078404813,0
2023-01-27,135944.47509999998,-0.05197361552189417,0
2023-01-30,133247.16429999997,-1.9841268267915102,0
2023-01-31,130794.68619999997,-1.8405480618547077,0
2023-02-01,129778.44759999997,-0.7769723904884396,0
2023-02-02,127148.45859999997,-2.0265221603714134,0
2023-02-03,129405.09519999998,1.7748045275949753,0
2023-02-06,128071.15359999998,-1.030826180328026,0
2023-02-07,129168.19479999997,0.8565872713431899,0
2023-02-08,128982.42279999997,-0.14382178235721188,0
2023-02-09,130839.4852,1.4397794363651961,0
2023-02-10,131504.35989999998,0.5081605900418174,0
2023-02-13,129939.55959999998,-1.1899227532759515,0
2023-02-14,131064.17889999998,0.8654941601017985,0
2023-02-15,128701.70979999998,-1.8025284405150277,0
2023-02-16,127670.83959999998,-0.8009763052891472,0
2023-02-17,128720.41029999997,0.8220911707703671,0
2023-02-20,130088.25939999998,1.0626512895756335,0
2023-02-21,131955.72009999998,1.4355336204921132,0
2023-02-22,131794.56699999998,-0.12212664966541054,0
2023-02-23,132568.47999999998,0.5872116109308267,0
2023-02-24,132568.47999999998,0.0,0
2023-02-27,132568.47999999998,0.0,0
2023-02-28,132568.47999999998,0.0,0
2023-03-01,132568.47999999998,0.0,0
2023-03-02,132568.47999999998,0.0,0
2023-03-03,132568.47999999998,0.0,0
2023-03-06,132568.47999999998,0.0,0
2023-03-07,132568.47999999998,0.0,0
2023-03-08,132568.47999999998,0.0,0
2023-03-09,132568.47999999998,0.0,0
2023-03-10,132568.47999999998,0.0,0
2023-03-13,132568.47999999998,0.0,0
2023-03-14,132568.47999999998,0.0,0
2023-03-15,132568.47999999998,0.0,0
2023-03-16,132568.47999999998,0.0,0
2023-03-17,132568.47999999998,0.0,0
2023-03-20,132568.47999999998,0.0,0
2023-03-21,132568.47999999998,0.0,0
2023-03-22,132568.47999999998,0.0,0
2023-03-23,132568.47999999998,0.0,0
2023-03-24,132568.47999999998,0.0,0
2023-03-27,132568.47999999998,0.0,0
2023-03-28,132568.47999999998,0.0,0
2023-03-29,132568.47999999998,0.0,0
2023-03-30,132568.47999999998,0.0,0
2023-03-31,132568.47999999998,0.0,0
2023-04-03,132568.47999999998,0.0,0
2023-04-04,132568.47999999998,0.0,0
2023-04-05,132568.47999999998,0.0,0
2023-04-06,132568.47999999998,0.0,0
2023-04-07,132568.47999999998,0.0,0
2023-04-10,132568.47999999998,0.0,0
2023-04-11,132568.47999999998,0.0,0
2023-04-12,132568.47999999998,0.0,0
2023-04-13,132568.47999999998,0.0,0
2023-04-14,132568.47999999998,0.0,0
2023-04-17,132568.47999999998,0.0,0
2023-04-18,132568.47999999998,0.0,0
2023-04-19,132568.47999999998,0.0,0
2023-04-20,132568.47999999998,0.0,0
2023-04-21,132568.47999999998,0.0,0
2023-04-24,132568.47999999998,0.0,0
2023-04-25,132568.47999999998,0.0,0
2023-04-26,132568.47999999998,0.0,0
2023-04-27,132568.47999999998,0.0,0
2023-04-28,132568.47999999998,0.0,0
2023-05-01,132568.47999999998,0.0,0
2023-05-02,132568.47999999998,0.0,0
2023-05-03,132568.47999999998,0.0,0
2023-05-04,132568.47999999998,0.0,0
2023-05-05,132568.47999999998,0.0,0
2023-05-08,132568.47999999998,0.0,0
2023-05-09,132568.47999999998,0.0,0
2023-05-10,132568.47999999998,0.0,0
2023-05-11,132568.47999999998,0.0,0
2023-05-12,132568.47999999998,0.0,0
2023-05-15,132568.47999999998,0.0,0
2023-05-16,132568.47999999998,0.0,0
2023-05-17,132568.47999999998,0.0,0
2023-05-18,132568.47999999998,0.0,0
2023-05-19,132568.47999999998,0.0,0
2023-05-22,132568.47999999998,0.0,0
2023-05-23,132568.47999999998,0.0,0
2023-05-24,132568.47999999998,0.0,0
2023-05-25,132568.47999999998,0.0,0
2023-05-26,132568.47999999998,0.0,0
2023-05-29,132568.47999999998,0.0,0
2023-05-30,132568.47999999998,0.0,0
2023-05-31,132568.47999999998,0.0,0
2023-06-01,132568.47999999998,0.0,0
2023-06-02,132568.47999999998,0.0,0
2023-06-05,132568.47999999998,0.0,0
2023-06-06,132568.47999999998,0.0,0
2023-06-07,132568.47999999998,0.0,0
2023-06-08,132568.47999999998,0.0,0
2023-06-09,132568.47999999998,0.0,0
2023-06-12,132568.47999999998,0.0,0
2023-06-13,132568.47999999998,0.0,0
2023-06-14,132568.47999999998,0.0,0
2023-06-15,132568.47999999998,0.0,0
2023-06-16,130600.38519999998,-1.4845872865103416,1
2023-06-19,129858.57909999997,-0.5679968698897864,0
2023-06-20,128872.01799999998,-0.7597196171692855,0
2023-06-21,128782.93599999996,-0.06912439285309269,0
2023-06-22,127324.68129999997,-1.1323353429370409,0
2023-06-23,126573.52599999995,-0.5899526253124177,0
2023-06-26,125444.21319999997,-0.8922188041123102,0
2023-06-27,124859.97639999999,-0.4657343572066708,0
2023-06-28,124943.85459999996,0.06717781183240845,0
2023-06-29,125212.59999999998,0.21509293182957467,0
2023-06-30,125212.59999999998,0.0,0
2023-07-03,125212.59999999998,0.0,0
2023-07-05,125212.59999999998,0.0,0
2023-07-06,125212.59999999998,0.0,0
2023-07-07,125212.59999999998,0.0,0
2023-07-10,125212.59999999998,0.0,0
2023-07-11,125212.59999999998,0.0,0
2023-07-12,125212.59999999998,0.0,0
2023-07-13,125212.59999999998,0.0,0
2023-07-14,125212.59999999998,0.0,0
2023-07-17,125212.59999999998,0.0,0
2023-07-18,125212.59999999998,0.0,0
2023-07-19,125212.59999999998,0.0,0
2023-07-20,125212.59999999998,0.0,0
2023-07-21,125212.59999999998,0.0,0
2023-07-24,125212.59999999998,0.0,0
2023-07-25,125212.59999999998,0.0,0
2023-07-26,125212.59999999998,0.0,0
2023-07-27,125212.59999999998,0.0,0
2023-07-28,125212.59999999998,0.0,0
2023-07-31,125212.59999999998,0.0,0
2023-08-01,125212.59999999998,0.0,0
2023-08-02,125212.59999999998,0.0,0
2023-08-03,125212.59999999998,0.0,0
2023-08-04,125212.59999999998,0.0,0
2023-08-07,125212.59999999998,0.0,0
2023-08-08,125212.59999999998,0.0,0
2023-08-09,125212.59999999998,0.0,0
2023-08-10,125212.59999999998,0.0,0
2023-08-11,125212.59999999998,0.0,0
2023-08-14,124721.61719999998,-0.39211932345466494,1
2023-08-15,125729.41519999997,0.8080379509383118,0
2023-08-16,124629.78259999998,-0.8746024931801322,0
2023-08-17,123815.01699999998,-0.6537487131908049,0
2023-08-18,124966.52339999998,0.9300215982686488,0
2023-08-21,123677.36959999998,-1.0315993155011638,0
2023-08-22,123480.74239999999,-0.15898397632155836,0
2023-08-23,122129.22299999997,-1.0945183627273147,0
2023-08-24,122750.49639999997,0.5087016724899751,0
2023-08-25,123467.57539999996,0.5841760490020942,0
2023-08-28,123156.83419999998,-0.25167838519001284,0
2023-08-29,122090.55799999998,-0.8657872759772589,0
2023-08-30,120673.95599999998,-1.160287923329828,0
2023-08-31,121590.08659999998,0.7591783930577467,0
2023-09-01,122548.76959999999,0.7884549035266586,0
2023-09-04,122391.76879999998,-0.1281129141585513,0
2023-09-05,122337.34519999998,-0.044466715804170054,0
2023-09-06,121984.55319999998,-0.28837637388914317,0
2023-09-07,119296.60419999997,-2.2035158792547915,0
2023-09-08,119863.37039999996,0.475089969073883,0
2023-09-11,121034.81539999996,0.9773169201656273,0
2023-09-12,118894.40459999998,-1.7684257153004146,0
2023-09-13,118373.95279999997,-0.43774288769179437,0
2023-09-14,118285.16959999996,-0.07500231081242204,0
2023-09-15,119178.05939999997,0.7548620025819464,0
2023-09-18,118475.40139999997,-0.589586710454526,0
2023-09-19,117340.90759999998,-0.9575775111068774,0
2023-09-20,117676.05999999998,0.2856228120737825,0
2023-09-21,117676.05999999998,0.0,0
2023-09-22,117676.05999999998,0.0,0
2023-09-25,117676.05999999998,0.0,0
2023-09-26,117676.05999999998,0.0,0
2023-09-27,117676.05999999998,0.0,0
2023-09-28,117676.05999999998,0.0,0
2023-09-29,117676.05999999998,0.0,0
2023-10-02,117676.05999999998,0.0,0
2023-10-03,117676.05999999998,0.0,0
2023-10-04,117676.05999999998,0.0,0
2023-10-05,117676.05999999998,0.0,0
2023-10-06,117676.05999999998,0.0,0
2023-10-09,117676.05999999998,0.0,0
2023-10-10,117676.05999999998,0.0,0
2023-10-11,117676.05999999998,0.0,0
2023-10-12,117676.05999999998,0.0,0
2023-10-13,117676.05999999998,0.0,0
2023-10-16,118377.05199999997,0.5956963548915395,1
2023-10-17,118058.52399999998,-0.2690791792990366,0
2023-10-18,118001.69199999998,-0.04813883663326024,0
2023-10-19,119206.99119999999,1.0214253537991658,0
2023-10-20,119122.2808,-0.07106160397746253,0
2023-10-23,119438.12079999999,0.2651393155662207,0
2023-10-24,120122.83119999999,0.5732762667511659,0
2023-10-25,118245.83919999997,-1.5625605734141401,0
2023-10-26,119064.98799999998,0.6927506333770594,0
2023-10-27,119876.72559999999,0.681760115744523,0
2023-10-30,118463.64399999997,-1.1787789438920226,0
2023-10-31,116311.70799999998,-1.8165370634723899,0
2023-11-01,114061.39119999998,-1.9347293911288754,0
2023-11-02,113111.7592,-0.8325621755172707,0
2023-11-03,112574.23599999998,-0.47521425164079867,0
2023-11-06,112207.93839999998,-0.3253831542769592,0
2023-11-07,112216.69359999997,0.007802656500799365,0
2023-11-08,112789.89039999997,0.5107945900127753,0
2023-11-09,113210.29359999999,0.3727312780507974,0
2023-11-10,114414.32559999998,1.063535798479709,0
2023-11-13,114438.24879999997,0.020909269774160855,0
2023-11-14,116455.70799999998,1.7629238660632263,0
2023-11-15,116432.55279999999,-0.019883267550946382,0
2023-11-16,115314.80559999999,-0.959995442099415,0
2023-11-17,113468.57199999999,-1.6010377768871709,0
2023-11-20,114645.6856,1.0373917457954906,0
2023-11-21,115288.57839999998,0.560764931218638,0
2023-11-22,115099.57359999997,-0.1639406111369035,0
2023-11-23,115208.97519999999,0.09504952675167821,0
2023-11-24,114347.70159999999,-0.7475750899657352,0
2023-11-27,112212.00879999998,-1.867718170209387,0
2023-11-28,112379.77839999998,0.14951127049067647,0
2023-11-29,113993.88399999999,1.436295410954469,0
2023-11-30,113767.82319999998,-0.1983095865037865,0
2023-12-01,113866.47279999999,0.08671133649678087,0
2023-12-04,112201.25679999999,-1.4624287194043961,0
2023-12-05,112272.52719999998,0.06352014409878315,0
2023-12-06,112695.4264,0.3766720234654297,0
2023-12-07,112775.56719999998,0.07111273505948645,0
2023-12-08,112248.48879999999,-0.46736931862665365,0
2023-12-11,110695.20879999998,-1.3837870038211242,0
2023-12-12,107233.5256,-3.1272204438897,0
2023-12-13,107599.89999999998,0.34166031374052164,0
2023-12-14,107599.89999999998,0.0,0
2023-12-15,107599.89999999998,0.0,0
2023-12-18,107599.89999999998,0.0,0
2023-12-19,107599.89999999998,0.0,0
2023-12-20,107599.89999999998,0.0,0
2023-12-21,107599.89999999998,0.0,0
2023-12-22,107599.89999999998,0.0,0
2023-12-26,107599.89999999998,0.0,0
2023-12-27,107599.89999999998,0.0,0
2023-12-28,107599.89999999998,0.0,0
2023-12-29,107599.89999999998,0.0,0
2024-01-02,107599.89999999998,0.0,0
2024-01-03,107599.89999999998,0.0,0
2024-01-04,107599.89999999998,0.0,0
2024-01-05,107599.89999999998,0.0,0
2024-01-08,107599.89999999998,0.0,0
2024-01-09,107599.89999999998,0.0,0
2024-01-10,107599.89999999998,0.0,0
2024-01-11,107599.89999999998,0.0,0
2024-01-12,107599.89999999998,0.0,0
2024-01-15,107599.89999999998,0.0,0
2024-01-16,107599.89999999998,0.0,0
2024-01-17,107599.89999999998,0.0,0
2024-01-18,107599.89999999998,0.0,0
2024-01-19,107599.89999999998,0.0,0
2024-01-22,107599.89999999998,0.0,0
2024-01-23,107599.89999999998,0.0,0
2024-01-24,107599.89999999998,0.0,0
2024-01-25,107599.89999999998,0.0,0
2024-01-26,107599.89999999998,0.0,0
2024-01-29,107599.89999999998,0.0,0
2024-01-30,107599.89999999998,0.0,0
2024-01-31,107599.89999999998,0.0,0
2024-02-01,107599.89999999998,0.0,0
2024-02-02,107599.89999999998,0.0,0
2024-02-05,107599.89999999998,0.0,0
2024-02-06,107599.89999999998,0.0,0
2024-02-07,107599.89999999998,0.0,0
2024-02-08,107599.89999999998,0.0,0
2024-02-09,107599.89999999998,0.0,0
2024-02-12,107599.89999999998,0.0,0
2024-02-13,107599.89999999998,0.0,0
2024-02-14,107599.89999999998,0.0,0
2024-02-15,107599.89999999998,0.0,0
2024-02-16,107599.89999999998,0.0,0
2024-02-19,107599.89999999998,0.0,0
2024-02-20,107599.89999999998,0.0,0
2024-02-21,107599.89999999998,0.0,0
2024-02-22,107599.89999999998,0.0,0
2024-02-23,107599.89999999998,0.0,0
2024-02-26,107599.89999999998,0.0,0
2024-02-27,107599.89999999998,0.0,0
2024-02-28,106406.58349999998,-1.1090312351591414,1
2024-02-29,107720.34359999998,1.2346605414692124,0
2024-03-01,108246.66659999998,0.48860130074817043,0
2024-03-04,107242.87579999998,-0.9273179780300067,0
2024-03-05,106532.63979999999,-0.6622687005564121,0
2024-03-06,107107.25319999998,0.5393777917066078,0
2024-03-07,109830.57759999999,2.5426143595660866,0
2024-03-08,109461.72789999997,-0.3358351636311707,0
2024-03-11,109239.47909999998,-0.20303790581766012,0
2024-03-12,109206.68539999999,-0.030020007665887416,0
2024-03-13,107036.75909999998,-1.986990349585327,0
2024-03-14,105016.99899999998,-1.8869780036155803,0
2024-03-15,104993.24209999997,-0.022621956660562326,0
2024-03-18,104277.64049999998,-0.6815691997761442,0
2024-03-19,102776.40209999998,-1.439655129135764,0
2024-03-20,103530.05709999999,0.7332957610898916,0
2024-03-21,103735.15009999997,0.1980999583549803,0
2024-03-22,105181.88529999998,1.394643183728328,0
2024-03-25,105771.78359999997,0.5608364009805245,0
2024-03-26,106594.87369999998,0.7781754944331087,0
2024-03-27,107605.01849999998,0.9476485734604356,0
2024-03-28,107738.09949999998,0.12367545850104911,0
2024-03-29,104393.84809999997,-3.104056425276003,0
2024-04-01,104186.46059999998,-0.1986587368647763,0
2024-04-02,105355.66719999998,1.1222250888135221,0
2024-04-03,104914.27599999998,-0.4189534476224166,0
2024-04-04,104632.01719999997,-0.2690375521440136,0
2024-04-05,104569.39499999999,-0.05984994046351888,0
2024-04-08,103180.90479999999,-1.3278169965504683,0
2024-04-09,103043.72899999999,-0.13294688611802385,0
2024-04-10,102980.15369999997,-0.061697398392890346,0
2024-04-11,101623.50409999999,-1.3173893718901875,0
2024-04-12,101502.67219999997,-0.11890152880490445,0
2024-04-15,102319.44359999998,0.8046797018216978,0
2024-04-16,101462.50079999998,-0.8375170640587903,0
2024-04-17,100101.65049999997,-1.3412347313245032,0
2024-04-18,99572.07989999998,-0.5290328354775609,0
2024-04-19,99835.13549999997,0.2641861054466066,0
2024-04-22,100272.92609999998,0.438513553176878,0
2024-04-23,100090.56629999998,-0.18186344718627012,0
2024-04-24,101820.83109999997,1.7286991811135355,0
2024-04-25,101327.08999999998,-0.4849116773708806,0
2024-04-26,101327.08999999998,0.0,0
2024-04-29,101327.08999999998,0.0,0
2024-04-30,101327.08999999998,0.0,0
2024-05-01,101327.08999999998,0.0,0
2024-05-02,101327.08999999998,0.0,0
2024-05-03,101327.08999999998,0.0,0
2024-05-06,101327.08999999998,0.0,0
2024-05-07,101327.08999999998,0.0,0
2024-05-08,101327.08999999998,0.0,0
2024-05-09,101327.08999999998,0.0,0
2024-05-10,101327.08999999998,0.0,0
2024-05-13,101327.08999999998,0.0,0
2024-05-14,101156.96589999998,-0.16789596937996087,1
2024-05-15,101958.84569999998,0.7927084337352452,0
2024-05-16,102263.27319999998,0.2985788019763902,0
2024-05-17,100999.72949999997,-1.2355791678297368,0
2024-05-20,100798.08059999997,-0.19965291095160875,0
2024-05-21,101286.32739999997,0.48438104881929345,0
2024-05-22,101216.23639999998,-0.06920085049898494,0
2024-05-23,101538.68729999996,0.31857625956934754,0
2024-05-24,102083.23299999996,0.536293815175215,0
2024-05-27,101144.17509999998,-0.9198943571859464,0
2024-05-28,101225.40959999997,0.08031554948140229,0
2024-05-29,101682.48689999996,0.45154403603420157,0
2024-05-30,101855.74409999997,0.1703904037775983,0
2024-05-31,101477.54339999997,-0.3713101340938496,0
2024-06-03,101384.81009999997,-0.09138307540069723,0
2024-06-04,101653.15849999996,0.2646830424945401,0
2024-06-05,103462.66909999997,1.7800830064714779,0
2024-06-06,104358.44499999998,0.8657962410907993,0
2024-06-07,104886.13009999997,0.5056467639010798,0
2024-06-10,104114.93529999997,-0.7352686187055757,0
2024-06-11,106875.84239999996,2.6517877498023035,0
2024-06-12,107313.15209999998,0.40917544150278484,0
2024-06-13,106651.19589999998,-0.6168453605604252,0
2024-06-14,106136.01089999996,-0.483055999187354,0
2024-06-17,105694.82519999996,-0.4156795570691707,0
2024-06-18,104975.50419999997,-0.6805640660636603,0
2024-06-19,104759.12649999998,-0.20612208690871103,0
2024-06-20,105538.10559999998,0.743590678946715,0
2024-06-21,104658.54429999998,-0.8334063748819065,0
2024-06-24,103550.10519999998,-1.0591004369626122,0
2024-06-25,103361.15019999997,-0.18247687883565789,0
2024-06-26,104611.32169999997,1.2095177903699517,0
2024-06-27,105762.75209999997,1.1006747465652111,0
2024-06-28,105070.91839999997,-0.6541373841575826,0
2024-07-01,105418.75709999997,0.3310513558811845,0
2024-07-02,103670.39039999997,-1.6584967875702628,0
2024-07-03,103013.95749999997,-0.6331922716478977,0
2024-07-05,103778.01399999997,0.7417019193733942,0
2024-07-08,102884.14379999996,-0.8613290672531138,0
2024-07-09,100516.35999999997,-2.301407887111162,0
2024-07-10,100940.91119999997,0.4223702489823511,0
2024-07-11,101059.25839999998,0.11724403771777858,0
2024-07-12,100513.67909999998,-0.5398607793464683,0
2024-07-15,99443.83849999997,-1.0643731376459131,0
2024-07-16,99835.50829999997,0.3938602993487583,0
2024-07-17,101245.85549999998,1.412670926422277,0
2024-07-18,102475.71029999996,1.2147211299923244,0
2024-07-19,103289.12119999997,0.7937597091239645,0
2024-07-22,102710.04679999997,-0.5606344533406693,0
2024-07-23,102930.55889999997,0.21469379760812313,0
2024-07-24,102372.38259999998,-0.5422843380674558,0
2024-07-25,103611.34599999996,1.2102516015876974,0
2024-07-26,104281.24799999996,0.6465527433646034,0
2024-07-29,103753.01379999997,-0.5065476393224522,0
2024-07-30,104028.53279999997,0.2655527679717329,0
2024-07-31,103948.84869999997,-0.07659831188160382,0
2024-08-01,104473.56219999999,0.5047804824797497,0
2024-08-02,105706.67929999996,1.180314975418706,0
2024-08-05,105980.90629999997,0.2594225850400145,0
2024-08-06,105494.46829999996,-0.45898645046783537,0
2024-08-07,106363.91969999997,0.8241677634958977,0
2024-08-08,104625.53369999997,-1.6343756462747216,0
2024-08-09,105235.90679999997,0.5833882785727607,0
2024-08-12,103207.46679999998,-1.9275170060110924,0
2024-08-13,101165.55769999998,-1.9784509428536823,0
2024-08-14,101174.95699999998,0.009291007941536478,0
2024-08-15,100963.97339999997,-0.20853342196133218,0
2024-08-16,100544.00879999997,-0.4159549053563749,0
2024-08-19,100700.76069999997,0.15590376977290266,0
2024-08-20,101149.47229999996,0.44558908679623865,0
2024-08-21,100749.27529999998,-0.3956491229267445,0
2024-08-22,100405.40949999997,-0.34130846001233506,0
2024-08-23,100459.41509999998,0.05378754020222143,0
2024-08-26,102409.65679999997,1.9413229691399803,0
2024-08-27,102049.54409999997,-0.3516393973502674,0
2024-08-28,103292.48039999997,1.2179733980800744,0
2024-08-29,102972.38739999998,-0.30988993464038384,0
2024-08-30,102082.71619999997,-0.863990068079179,0
2024-09-02,102270.12079999996,0.1835811261456266,0
2024-09-03,101235.29339999997,-1.0118570232489632,0
2024-09-04,103844.42279999997,2.5772922785839425,0
2024-09-05,104598.82159999997,0.7264702134778478,0
2024-09-06,107503.52829999998,2.77699753741778,0
2024-09-09,108151.04639999996,0.6023226495348366,0
2024-09-10,108254.37409999997,0.09554017592936503,0
2024-09-11,106776.55219999998,-1.3651382794332756,0
2024-09-12,105585.81269999997,-1.1151694594611627,0
2024-09-13,104364.87269999998,-1.1563485365870485,0
2024-09-16,100984.19319999997,-3.2392886730364556,0
2024-09-17,98764.14959999996,-2.198407027526761,0
2024-09-18,99764.06069999997,1.0124231353681568,0
2024-09-19,100979.80039999996,1.2186148914445694,0
2024-09-20,99629.85419999997,-1.3368477602972106,0
2024-09-23,99035.08199999998,-0.5969819034423396,0
2024-09-24,98616.63549999997,-0.42252350535743055,0
2024-09-25,97431.93609999998,-1.2013180068387141,0
2024-09-26,97244.36999999997,-0.19250987664609642,0
2024-09-27,97244.36999999997,0.0,0
2024-09-30,97244.36999999997,0.0,0
2024-10-01,97244.36999999997,0.0,0
2024-10-02,97244.36999999997,0.0,0
2024-10-03,97244.36999999997,0.0,0
2024-10-04,97244.36999999997,0.0,0
2024-10-07,97244.36999999997,0.0,0
2024-10-08,97244.36999999997,0.0,0
2024-10-09,97244.36999999997,0.0,0
2024-10-10,97244.36999999997,0.0,0
2024-10-11,97244.36999999997,0.0,0
2024-10-14,97244.36999999997,0.0,0
2024-10-15,97244.36999999997,0.0,0
2024-10-16,97244.36999999997,0.0,0
2024-10-17,97244.36999999997,0.0,0
2024-10-18,97244.36999999997,0.0,0
2024-10-21,97244.36999999997,0.0,0
2024-10-22,97244.36999999997,0.0,0
2024-10-23,97244.36999999997,0.0,0
2024-10-24,97244.36999999997,0.0,0
2024-10-25,97244.36999999997,0.0,0
2024-10-28,97244.36999999997,0.0,0
2024-10-29,97244.36999999997,0.0,0
2024-10-30,97244.36999999997,0.0,0
2024-10-31,97244.36999999997,0.0,0
2024-11-01,97244.36999999997,0.0,0
2024-11-04,97244.36999999997,0.0,0
2024-11-05,97244.36999999997,0.0,0
2024-11-06,97244.36999999997,0.0,0
2024-11-07,97244.36999999997,0.0,0
2024-11-08,97244.36999999997,0.0,0
2024-11-11,97244.36999999997,0.0,0
2024-11-12,97244.36999999997,0.0,0
2024-11-13,97244.36999999997,0.0,0
2024-11-14,97244.36999999997,0.0,0
2024-11-15,97244.36999999997,0.0,0
2024-11-18,97244.36999999997,0.0,0
2024-11-19,97244.36999999997,0.0,0
2024-11-20,97244.36999999997,0.0,0
2024-11-21,97244.36999999997,0.0,0
2024-11-22,97244.36999999997,0.0,0
2024-11-25,97244.36999999997,0.0,0
2024-11-26,97244.36999999997,0.0,0
2024-11-27,97244.36999999997,0.0,0
2024-11-28,97244.36999999997,0.0,0
2024-11-29,97244.36999999997,0.0,0
2024-12-02,97244.36999999997,0.0,0
2024-12-03,96308.35029999998,-0.9625438470113878,1
2024-12-04,96105.98799999997,-0.21011916346781456,0
2024-12-05,96765.65959999997,0.686400102353657,0
2024-12-06,96454.33529999998,-0.3217301481609369,0
2024-12-09,97833.69789999997,1.4300680168597868,0
2024-12-10,99029.08929999996,1.221860591656121,0
2024-12-11,98111.31019999996,-0.9267772797745044,0
2024-12-12,97232.39019999997,-0.8958396317492068,0
2024-12-13,95747.94849999997,-1.5266946507708101,0
2024-12-16,95238.53609999997,-0.5320347934138825,0
2024-12-17,96654.10899999997,1.4863446646362188,0
2024-12-18,97618.66349999997,0.9979446398910907,0
2024-12-19,98197.15539999997,0.5926037903602355,0
2024-12-20,98228.57979999998,0.03200133432785801,0
2024-12-23,100526.17299999997,2.3390272003097623,0
2024-12-24,102017.08619999996,1.4831094783644083,0
2024-12-26,101477.15239999998,-0.5292582057690454,0
2024-12-27,102267.15699999998,0.7785048962410501,0
2024-12-30,102042.46049999996,-0.21971521120902615,0
2024-12-31,102613.54779999997,0.5596565363102046,0
2025-01-02,102662.61079999998,0.04781337460004753,0
2025-01-03,103457.31099999997,0.7740892169089353,0
2025-01-06,103780.82579999996,0.312703661899727,0
2025-01-07,102432.10499999997,-1.299585727520769,0
2025-01-08,102741.56309999997,0.3021104564823629,0
2025-01-09,102370.12909999998,-0.36152262900503995,0
2025-01-10,100568.85479999997,-1.7595702143155756,0
2025-01-13,100839.72469999996,0.2693377592284163,0
2025-01-14,100281.15899999997,-0.5539143444329486,0
2025-01-15,102313.33039999996,2.0264737865664184,0
2025-01-16,102579.80569999997,0.2604502257508523,0
2025-01-17,101626.59889999997,-0.929234359039155,0
2025-01-20,101472.00529999996,-0.15211923027368401,0
2025-01-21,102143.08479999997,0.661344474287251,0
2025-01-22,100234.05249999996,-1.8689785057284691,0
2025-01-23,99990.54349999997,-0.2429403919391504,0
2025-01-24,101105.74849999997,1.1153104693345295,0
2025-01-27,100647.47599999997,-0.4532605779581478,0
2025-01-28,102293.55469999996,1.6354892993044379,0
2025-01-29,103473.44459999997,1.1534352320244468,0
2025-01-30,103455.14379999996,-0.017686470254041353,0
2025-01-31,101754.13259999997,-1.644201668008305,0
2025-02-03,101185.87469999996,-0.5584617405504866,0
2025-02-04,100400.89679999997,-0.7757781432708111,0
2025-02-05,101071.67529999997,0.6681001080460547,0
2025-02-06,99062.95179999997,-1.98742475974375,0
2025-02-07,99089.68059999998,0.026981630886568908,0
2025-02-10,99960.95519999997,0.8792788459144552,0
2025-02-11,100167.92279999997,0.2070484416499596,0
2025-02-12,100088.27819999996,-0.07951108276352814,0
2025-02-13,99580.28049999998,-0.5075496443098793,0
2025-02-14,99804.22449999997,0.22488789836254686,0
2025-02-17,100024.19529999996,0.22040229369248987,0
2025-02-18,99724.27889999996,-0.2998438518805102,0
2025-02-19,100694.55239999997,0.9729561453865943,0
2025-02-20,100772.24049999997,0.07715223728428366,0
2025-02-21,99864.75559999997,-0.9005306377007583,0
2025-02-24,98583.15779999997,-1.2833334366063376,0
2025-02-25,97527.82169999997,-1.0705034445549044,0
2025-02-26,97020.75709999997,-0.5199178974382823,0
2025-02-27,98411.55769999996,1.43350829407205,0
2025-02-28,97829.03239999997,-0.5919277304559878,0
2025-03-03,97871.29279999997,0.043198219345774724,0
2025-03-04,96732.18839999997,-1.1638799973019198,0
2025-03-05,97824.36689999996,1.1290745284120884,0
2025-03-06,97253.64079999996,-0.5834191603646399,0
2025-03-07,97838.24299999997,0.6011108635019857,0
2025-03-10,99099.07179999998,1.2886870832298225,0
2025-03-11,99985.78769999997,0.8947772001230758,0
2025-03-12,102010.97589999998,2.0254760667350435,0
2025-03-13,100445.08359999997,-1.5350233503647948,0
2025-03-14,99846.21399999996,-0.5962159406276868,0
2025-03-17,98650.52159999996,-1.1975340396982892,0
2025-03-18,98381.42759999997,-0.27277504024874055,0
2025-03-19,98099.20999999998,-0.28686064726305416,0
2025-03-20,96041.48369999998,-2.0975972181631164,0
2025-03-21,95865.78999999996,-0.18293522052285072,0
2025-03-24,95865.78999999996,0.0,0
2025-03-25,95865.78999999996,0.0,0
2025-03-26,95865.78999999996,0.0,0
2025-03-27,95865.78999999996,0.0,0
2025-03-28,95865.78999999996,0.0,0
2025-03-31,95865.78999999996,0.0,0
2025-04-01,95865.78999999996,0.0,0
2025-04-02,95865.78999999996,0.0,0
2025-04-03,95865.78999999996,0.0,0
2025-04-04,95865.78999999996,0.0,0
2025-04-07,95865.78999999996,0.0,0
2025-04-08,95865.78999999996,0.0,0
2025-04-09,95865.78999999996,0.0,0
2025-04-10,95865.78999999996,0.0,0
2025-04-11,95865.78999999996,0.0,0
2025-04-14,95865.78999999996,0.0,0
2025-04-15,95865.78999999996,0.0,0
2025-04-16,95865.78999999996,0.0,0
2025-04-17,95865.78999999996,0.0,0
2025-04-18,95865.78999999996,0.0,0
2025-04-21,95865.78999999996,0.0,0
2025-04-22,95865.78999999996,0.0,0
2025-04-23,95865.78999999996,0.0,0
2025-04-24,95865.78999999996,0.0,0
2025-04-25,95865.78999999996,0.0,0
2025-04-28,95865.78999999996,0.0,0
2025-04-29,95865.78999999996,0.0,0
2025-04-30,95865.78999999996,0.0,0
2025-05-01,95865.78999999996,0.0,0
2025-05-02,95865.78999999996,0.0,0
2025-05-05,95865.78999999996,0.0,0
2025-05-06,95865.78999999996,0.0,0
2025-05-07,95865.78999999996,0.0,0
2025-05-08,95865.78999999996,0.0,0
2025-05-09,95865.78999999996,0.0,0
2025-05-12,95865.78999999996,0.0,0
2025-05-13,95865.78999999996,0.0,0
2025-05-14,95865.78999999996,0.0,0
2025-05-15,95865.78999999996,0.0,0
2025-05-16,95865.78999999996,0.0,0
2025-05-19,95865.78999999996,0.0,0
2025-05-20,95865.78999999996,0.0,0
2025-05-21,95865.78999999996,0.0,0
2025-05-22,95865.78999999996,0.0,0
2025-05-23,95865.78999999996,0.0,0
2025-05-26,95865.78999999996,0.0,0
2025-05-27,95865.78999999996,0.0,0
2025-05-28,95865.78999999996,0.0,0
2025-05-29,95865.78999999996,0.0,0
2025-05-30,95865.78999999996,0.0,0
2025-06-02,95865.78999999996,0.0,0
2025-06-03,95865.78999999996,0.0,0
2025-06-04,95865.78999999996,0.0,0
2025-06-05,95865.78999999996,0.0,0
2025-06-06,95865.78999999996,0.0,0
2025-06-09,95865.78999999996,0.0,0
2025-06-10,95865.78999999996,0.0,0
2025-06-11,94906.84599999996,-1.0002984380559576,1
2025-06-12,92845.26199999996,-2.1722184298485714,0
2025-06-13,92146.01799999997,-0.7531283610357931,0
2025-06-16,92642.37399999997,0.5386624520226091,0
2025-06-17,92342.57799999996,-0.32360569689201535,0
2025-06-18,92693.83799999997,0.3803879072988403,0
2025-06-19,91841.82599999996,-0.9191678954970195,0
2025-06-20,91785.62999999996,-0.06118780782951028,0
2025-06-23,90264.47399999996,-1.6572921055289402,0
2025-06-24,90967.49799999996,0.7788490519537117,0
2025-06-25,91037.77799999996,0.07725836320131574,0
2025-06-26,91346.70199999998,0.33933605013956036,0
2025-06-27,89893.16599999997,-1.5912298618071752,0
2025-06-30,89194.90199999997,-0.7767709505303144,0
2025-07-01,91365.62999999996,2.4336906609303544,0
2025-07-02,90359.16999999997,-1.1015739726196738,0
2025-07-03,90770.46199999996,0.4551746103909293,0
2025-07-07,90902.95799999997,0.14596818951964075,0
2025-07-08,92383.87799999995,1.6291219038218507,0
2025-07-09,91933.52599999997,-0.4874789949822045,0
2025-07-10,93377.56999999996,1.5707479771851718,0
2025-07-11,92965.10199999997,-0.44172064019227797,0
2025-07-14,94581.93399999996,1.739181655499067,0
2025-07-15,94177.80999999997,-0.427273986594523,0
2025-07-16,92756.64199999996,-1.509026383178802,0
2025-07-17,93114.28599999996,0.3855723884441664,0
2025-07-18,91872.06599999996,-1.3340810023501626,0
2025-07-21,91353.42199999998,-0.5645285042354287,0
2025-07-22,93065.70599999998,1.874351242146144,0
2025-07-23,92405.77399999998,-0.7091033081509157,0
2025-07-24,91282.83399999996,-1.215227091761617,0
2025-07-25,91727.86599999997,0.4875308757394725,0
2025-07-28,91551.04599999996,-0.19276584936578356,0
2025-07-29,92111.60599999996,0.6122922942901177,0
2025-07-30,90025.49399999996,-2.264765636590893,0
2025-07-31,89742.80599999997,-0.3140088295433219,0
2025-08-01,89033.34199999998,-0.7905525040079464,0
2025-08-04,88933.21399999996,-0.11246123952082243,0
2025-08-05,90929.66999999995,2.244893566986117,0
2025-08-06,91668.50599999996,0.8125356663012395,0
2025-08-07,92354.14199999996,0.7479515374669621,0
2025-08-08,94113.43799999997,1.9049454219389528,0
2025-08-11,93134.16599999995,-1.0405230334907256,0
2025-08-12,91801.28199999996,-1.4311439692282102,0
2025-08-13,90901.05399999996,-0.9806268282832931,0
2025-08-14,90688.39399999997,-0.23394668229038684,0
2025-08-15,89756.74999999997,-1.0273023469794862,0
2025-08-18,89312.30599999997,-0.49516498759146765,0
2025-08-19,91087.92599999996,1.9881022890619215,0
2025-08-20,92158.81399999997,1.1756640501398685,0
2025-08-21,91702.88999999996,-0.49471556784576043,0
2025-08-22,91125.52999999996,-0.6295984783031394,0
2025-08-25,90382.43799999997,-0.815459729013357,0
2025-08-26,89995.08599999997,-0.4285699839165602,0
2025-08-27,91274.18199999997,1.4212953805055495,0
2025-08-28,90887.61399999996,-0.42352392706188624,0
2025-08-29,91224.64999999997,0.3708272064442131,0
2025-09-01,93714.32599999996,2.7291702407189256,0
2025-09-02,94028.12199999996,0.3348431487412151,0
2025-09-03,96518.04999999996,2.6480673515950848,0
2025-09-04,97521.28999999996,1.0394325206528832,0
2025-09-05,98030.16199999997,0.5218060589641471,0
2025-09-08,97099.32999999997,-0.9495363274009461,0
2025-09-09,98743.48999999998,1.6932763593734412,0
2025-09-10,98791.78999999996,0.04891461705474054,0
2025-09-11,98663.15799999997,-0.1302051516628988,0
2025-09-12,100442.05399999996,1.8029992512504034,0
2025-09-15,99844.36599999997,-0.5950575244110357,0
2025-09-16,100000.77399999998,0.15665180346782215,0
2025-09-17,100673.89399999997,0.6731147900915113,0
2025-09-18,100871.62999999996,0.19641238869729793,0
2025-09-19,101019.74999999996,0.1468400976567974,0
2025-09-22,100600.50599999996,-0.41501191598671827,0
2025-09-23,101405.33799999997,0.800027785148516,0
2025-09-24,102385.67399999997,0.9667498963417342,0
2025-09-25,101617.80199999997,-0.7499799239491289,0
2025-09-26,101070.51399999997,-0.5385749241063054,0
2025-09-29,99835.99399999996,-1.2214442681077187,0
2025-09-30,101467.04999999996,1.6337354241196866,0
2025-10-01,100972.84999999998,-0.48705466454379565,0
2025-10-02,103535.24199999995,2.5377039471501384,0
2025-10-03,104682.00999999995,1.1076112614871736,0
2025-10-06,103580.23799999997,-1.0524941200498406,0
2025-10-07,104392.15399999997,0.7838522247844315,0
2025-10-08,106127.39799999996,1.6622360335624364,0
2025-10-09,105037.04999999996,-1.027395395108055,0
2025-10-10,106303.09799999995,1.205334689045423,0
2025-10-13,106618.06999999996,0.29629616250694824,0
2025-10-14,107804.62599999997,1.1129032817795537,0
2025-10-15,105686.17399999997,-1.9650845038876263,0
2025-10-16,103953.05799999996,-1.639870130978538,0
2025-10-17,102877.85799999996,-1.0343130069343398,0
2025-10-20,102913.10999999996,0.034265876725392275,0
2025-10-21,103734.74199999997,0.7983744733785825,0
2025-10-22,104244.81799999996,0.49171183170242383,0
2025-10-23,103552.18199999996,-0.6644320679805915,0
2025-10-24,102536.11799999997,-0.9812096475185661,0
2025-10-27,103323.42199999998,0.7678309022777663,0
2025-10-28,101659.29799999997,-1.6105970628808697,0
2025-10-29,100565.72999999997,-1.0757186224126802,0
2025-10-30,100192.90999999997,-0.3707227104103872,0
2025-10-31,101975.86599999997,1.7795231219454477,0
2025-11-03,102969.72599999997,0.9746031477683159,0
2025-11-04,104059.26199999997,1.0581129447698068,0
2025-11-05,105044.07799999996,0.9463991778069669,0
2025-11-06,106199.60999999996,1.1000448783033745,0
2025-11-07,105538.61399999996,-0.6224090653440206,0
2025-11-10,105278.82999999996,-0.24615066481733505,0
2025-11-11,104493.56999999996,-0.7458859487705083,0
2025-11-12,105669.12199999997,1.1249993659897095,0
2025-11-13,106350.97799999996,0.6452745959221406,0
2025-11-14,107947.28599999998,1.5009810252990974,0
2025-11-17,107811.09399999997,-0.1261652840442995,0
2025-11-18,107414.72599999997,-0.3676504757478827,0
2025-11-19,105867.19399999997,-1.4407074873514003,0
2025-11-20,105984.96199999997,0.11124125949724117,0
2025-11-21,107816.77799999996,1.728373502648406,0
2025-11-24,106943.31799999997,-0.8101336509981683,0
2025-11-25,106116.72999999997,-0.7729215957185898,0
2025-11-26,107874.48599999996,1.6564362659874599,0
2025-11-27,107655.55399999997,-0.20295067732697403,0
2025-11-28,106646.09799999997,-0.9376720127231009,0
2025-12-01,105331.04999999997,-1.233095279304075,0
2025-12-02,104971.55799999996,-0.3412972717921403,0
2025-12-03,106371.02599999997,1.3331877954979143,0
2025-12-04,105991.70999999996,-0.3565971056817774,0
2025-12-05,106187.84999999998,0.18505220832838454,0
2025-12-08,105135.94599999997,-0.9906067407900343,0
2025-12-09,102974.00999999997,-2.0563242946422977,0
2025-12-10,103817.06199999996,0.818703670955423,0
2025-12-11,101428.80199999997,-2.3004503826162925,0
2025-12-12,102508.92999999996,1.0649125087763611,0
2025-12-15,104460.50199999996,1.9038068195619706,0
2025-12-16,105179.14999999997,0.6879614650904031,0
2025-12-17,105039.28999999996,-0.1329731225247599,0
2025-12-18,104453.08199999997,-0.5580845034272364,0
2025-12-19,105192.84199999996,0.7082222810811833,0
2025-12-22,105568.71399999996,0.3573170881722154,0
2025-12-23,106047.48599999996,0.4535169387400062,0
2025-12-24,106897.08999999995,0.8011543055344017,0
2025-12-26,107684.25399999996,0.7363755177994147,0
2025-12-29,108758.10999999996,0.9972265768772415,0
2025-12-30,108053.09799999995,-0.6482385543478131,0
2025-12-31,106256.58999999997,-1.6626159112994476,0
