symbol,direction,entry_date,entry_time,exit_date,exit_time,entry_price,exit_price,quantity,gross_pnl,commission,pnl,exit_reason
DEMO.US,long,2019-03-19,09:30:00,2019-09-16,09:30:00,153.34,153.1,652.0,-156.48000000000593,0.0,-156.48000000000593,rsi_overbought
DEMO.US,long,2019-10-07,09:30:00,2019-11-05,09:30:00,136.5,152.44,726.0,11572.439999999999,0.0,11572.439999999999,rsi_overbought
DEMO.US,long,2020-01-27,09:30:00,2020-05-25,09:30:00,148.06,156.99,751.0,6706.430000000005,0.0,6706.430000000005,rsi_overbought
DEMO.US,long,2021-02-17,09:30:00,2021-05-27,09:30:00,195.73000000000002,216.49,603.0,12518.279999999995,0.0,12518.279999999995,rsi_overbought
DEMO.US,long,2021-12-07,09:30:00,2022-01-19,09:30:00,216.8,233.67000000000002,601.0,10138.870000000003,0.0,10138.870000000003,rsi_overbought
DEMO.US,long,2023-02-03,09:30:00,2023-06-07,09:30:00,311.51,309.16,451.0,-1059.8499999999847,0.0,-1059.8499999999847,rsi_overbought
DEMO.US,long,2023-07-05,09:30:00,2023-08-02,09:30:00,278.48,294.52,501.0,8036.039999999982,0.0,8036.039999999982,rsi_overbought
DEMO.US,long,2023-12-13,09:30:00,2024-05-14,09:30:00,279.76,313.28000000000003,528.0,17698.56000000002,0.0,17698.56000000002,rsi_overbought
DEMO.US,long,2025-04-24,09:30:00,2025-05-29,09:30:00,301.1,326.41,549.0,13895.19,0.0,13895.19,rsi_overbought
